﻿<?xml version="1.0" encoding="utf-8"?>
<Defs>

<!-- Base trader kind -->



  <TraderKindDef>
    <defName>Ant_Base_Standard</defName>
    <stockGenerators>
      <li Class="StockGenerator_SingleDef">
        <thingDef>Silver</thingDef>
        <countRange>
          <min>800</min>
          <max>3000</max>
        </countRange>
      </li>
      <li Class="StockGenerator_SingleDef">
        <thingDef>ComponentIndustrial</thingDef>
				<countRange>
          <min>3</min>
          <max>10</max>
        </countRange>
      </li>
      <li Class="StockGenerator_SingleDef">
        <thingDef>Steel</thingDef>
        <countRange>
          <min>270</min>
          <max>370</max>
        </countRange>
      </li>
      <li Class="StockGenerator_SingleDef">
        <thingDef>WoodLog</thingDef>
        <countRange>
          <min>200</min>
          <max>400</max>
        </countRange>
      </li>
      <li Class="StockGenerator_SingleDef">
        <thingDef>Cloth</thingDef>
        <countRange>
          <min>200</min>
          <max>300</max>
        </countRange>
      </li>
      <li Class="StockGenerator_SingleDef">
        <thingDef>Gold</thingDef>
        <countRange>
          <min>-40</min>
          <max>120</max>
        </countRange>
      </li>
      <li Class="StockGenerator_SingleDef">
        <thingDef>Pemmican</thingDef>
        <countRange>
          <min>300</min>
          <max>800</max>
        </countRange>
      </li>
      <li Class="StockGenerator_Category">
        <categoryDef>Textiles</categoryDef>
        <thingDefCountRange>
          <min>1</min>
          <max>2</max>
        </thingDefCountRange>
        <totalPriceRange>
          <min>500</min>
          <max>900</max>
        </totalPriceRange>
      </li>
	
      <li Class="StockGenerator_Category">
        <categoryDef>ResourcesRaw</categoryDef>
        <thingDefCountRange>
          <min>3</min>
          <max>3</max>
        </thingDefCountRange>
        <totalPriceRange>
          <min>200</min>
          <max>600</max>
        </totalPriceRange>
      </li>
      <li Class="StockGenerator_Category">
        <categoryDef>FoodRaw</categoryDef>
				<excludedCategories><li>EggsFertilized</li></excludedCategories>
				<thingDefCountRange>
          <min>3</min>
          <max>5</max>
        </thingDefCountRange>
        <totalPriceRange>
          <min>300</min>
          <max>800</max>
        </totalPriceRange>
      </li>
      <li Class="StockGenerator_SingleDef">
        <thingDef>MedicineHerbal</thingDef>
        <countRange>
          <min>15</min>
          <max>30</max>
        </countRange>
      </li>
			<li Class="StockGenerator_Clothes">
				<maxTechLevelGenerate>Neolithic</maxTechLevelGenerate>
				<countRange>
					<min>-2</min>
					<max>8</max>
				</countRange>
			</li>
      <li Class="StockGenerator_Animals">
        <tradeTagsSell>
          <li>AnimalFarm</li>
          <li>AnimalPet</li>
		  <li>AnimalInsect</li>
        </tradeTagsSell>
        <tradeTagsBuy>
		  <li>AnimalInsect</li>
          <li>AnimalUncommon</li>
          <li>AnimalExotic</li>
        </tradeTagsBuy>
        <kindCountRange>
          <min>2</min>
          <max>4</max>
        </kindCountRange>
        <countRange>
          <min>1</min>
          <max>5</max>
        </countRange>
      </li>
      <li Class="StockGenerator_Category">
        <categoryDef>Drugs</categoryDef>
        <maxTechLevelGenerate>Neolithic</maxTechLevelGenerate>
        <thingDefCountRange>
          <min>1</min>
          <max>2</max>
        </thingDefCountRange>
        <totalPriceRange>
          <min>400</min>
          <max>1000</max>
        </totalPriceRange>
      </li>
      <li Class="StockGenerator_MultiDef">
        <thingDefs>
          <li>Kibble</li>
		  <li>Meat_Megaspider</li>
        </thingDefs>
      </li>
      <li Class="StockGenerator_WeaponsRanged">
        <maxTechLevelGenerate>Neolithic</maxTechLevelGenerate>
        <countRange>
          <min>2</min>
          <max>4</max>
        </countRange>
      </li>
      <li Class="StockGenerator_Category">
				<categoryDef>WeaponsMelee</categoryDef>
				<maxTechLevelGenerate>Neolithic</maxTechLevelGenerate>
				<thingDefCountRange>
          <min>2</min>
          <max>4</max>
        </thingDefCountRange>
        <countRange>
          <min>1</min>
          <max>3</max>
        </countRange>
      </li>
      <li Class="StockGenerator_Slaves">
        <respectPopulationIntent>true</respectPopulationIntent>
        <countRange>
          <min>-1</min>
          <max>2</max>
        </countRange>
      </li>
      <li Class="StockGenerator_Tag">
        <tradeTag>Artifact</tradeTag>
        <thingDefCountRange>
          <min>0</min>
          <max>3</max>
        </thingDefCountRange>
        <countRange>
          <min>1</min>
          <max>1</max>
        </countRange>
      </li>
			<li Class="StockGenerator_BuyArt" />
			<li Class="StockGenerator_BuyExpensiveSimple" />
			<li Class="StockGenerator_BuyWeirdOrganic" />
    </stockGenerators>
  </TraderKindDef>



<!-- Specific trader kinds -->

  <TraderKindDef>
    <defName>Ant_Caravan_BulkGoods</defName>
    <label>bulk goods trader</label>
    <commonality>2</commonality>
    <stockGenerators>
      <li Class="StockGenerator_SingleDef">
        <thingDef>Silver</thingDef>
        <countRange>
          <min>750</min>
          <max>1200</max>
        </countRange>
      </li>
      <li Class="StockGenerator_SingleDef">
        <thingDef>WoodLog</thingDef>
        <countRange>
          <min>100</min>
          <max>350</max>
        </countRange>
      </li>
      <li Class="StockGenerator_SingleDef">
        <thingDef>Cloth</thingDef>
				<countRange>
          <min>100</min>
          <max>350</max>
        </countRange>
      </li>
      <li Class="StockGenerator_SingleDef">
        <thingDef>Pemmican</thingDef>
        <countRange>
          <min>250</min>
          <max>300</max>
        </countRange>
      </li>
      <li Class="StockGenerator_Category">
        <categoryDef>Textiles</categoryDef>
        <thingDefCountRange>
          <min>2</min>
          <max>2</max>
        </thingDefCountRange>
        <totalPriceRange>
          <min>200</min>
          <max>600</max>
        </totalPriceRange>
      </li>
      <li Class="StockGenerator_Category">
        <categoryDef>FoodRaw</categoryDef>
				<excludedCategories><li>EggsFertilized</li></excludedCategories>
        <thingDefCountRange>
          <min>4</min>
          <max>4</max>
        </thingDefCountRange>
        <totalPriceRange>
          <min>400</min>
          <max>600</max>
        </totalPriceRange>
      </li>
      <li Class="StockGenerator_SingleDef">
        <thingDef>MedicineHerbal</thingDef>
        <countRange>
          <min>0</min>
          <max>10</max>
        </countRange>
      </li>
      <li Class="StockGenerator_Clothes">
        <countRange>
          <min>10</min>
          <max>10</max>
        </countRange>
      </li>
      <li Class="StockGenerator_Animals">
        <tradeTagsSell>
          <li>AnimalFarm</li>
          <li>AnimalPet</li>
		  <li>AnimalInsect</li>
        </tradeTagsSell>
        <tradeTagsBuy>
          <li>AnimalExotic</li>
        </tradeTagsBuy>
        <kindCountRange>
          <min>2</min>
          <max>2</max>
        </kindCountRange>
        <countRange>
          <min>3</min>
          <max>4</max>
        </countRange>
      </li>
      <li Class="StockGenerator_Category">
        <categoryDef>Drugs</categoryDef>
      </li>
			<li Class="StockGenerator_Category">
				<categoryDef>Textiles</categoryDef>
			</li>
			<li Class="StockGenerator_BuyArt" />
			<li Class="StockGenerator_BuyWeirdOrganic" />
      <li Class="StockGenerator_MultiDef">
        <thingDefs>
          <li>Chocolate</li>
          <li>Kibble</li>
        </thingDefs>
      </li>
    </stockGenerators>
  </TraderKindDef>

  <TraderKindDef>
    <defName>Ant_Caravan_WarMerchant</defName>
    <label>war merchant</label>
    <commonality>1</commonality>
    <stockGenerators>
      <li Class="StockGenerator_SingleDef">
        <thingDef>Silver</thingDef>
        <countRange>
          <min>750</min>
          <max>1200</max>
        </countRange>
      </li>
      <li Class="StockGenerator_SingleDef">
        <thingDef>Pemmican</thingDef>
				<countRange>
          <min>150</min>
          <max>300</max>
        </countRange>
      </li>
	   <li Class="StockGenerator_SingleDef">
        <thingDef>Meat_Megaspider</thingDef>
			<countRange>
			  <min>50</min>
			  <max>200</max>
			</countRange>
      </li>
      <li Class="StockGenerator_WeaponsRanged">
        <maxTechLevelGenerate>Neolithic</maxTechLevelGenerate>
        <countRange>
          <min>4</min>
          <max>4</max>
        </countRange>
      </li>
			<li Class="StockGenerator_Clothes">
				<countRange>
					<min>10</min>
					<max>10</max>
				</countRange>
			</li>
      <li Class="StockGenerator_Category">
        <maxTechLevelGenerate>Neolithic</maxTechLevelGenerate>
        <categoryDef>WeaponsMelee</categoryDef>
        <thingDefCountRange>
          <min>4</min>
          <max>4</max>
        </thingDefCountRange>
				<countRange>
					<min>1</min>
					<max>1</max>
				</countRange>
      </li>
      <li Class="StockGenerator_SingleDef">
        <thingDef>MedicineHerbal</thingDef>
        <countRange>
          <min>15</min>
          <max>30</max>
        </countRange>
      </li>
      <li Class="StockGenerator_Animals">
        <tradeTagsSell>
          <li>AnimalFighter</li>
		  <li>AnimalInsect</li>
        </tradeTagsSell>
        <tradeTagsBuy>
          <li>AnimalExotic</li>
        </tradeTagsBuy>
        <kindCountRange>
          <min>2</min>
          <max>2</max>
        </kindCountRange>
        <countRange>
          <min>3</min>
          <max>4</max>
        </countRange>
      </li>
			<li Class="StockGenerator_BuyArt" />
			<li Class="StockGenerator_Category">
        <categoryDef>Drugs</categoryDef>
			</li>
      <li Class="StockGenerator_BuyWeirdOrganic" />
    </stockGenerators>
  </TraderKindDef>

  <TraderKindDef>
    <defName>Ant_Caravan_Slaver</defName>
    <label>slaver</label>
    <commonality>1</commonality>
    <commonalityMultFromPopulationIntent>
      <points>
        <li>(-1, 0)</li>
        <li>(0, 0.3)</li>
        <li>(1, 1)</li>
      </points>
    </commonalityMultFromPopulationIntent>
    <requestable>false</requestable>
    <stockGenerators>
      <li Class="StockGenerator_SingleDef">
        <thingDef>Silver</thingDef>
        <countRange>
          <min>750</min>
          <max>1200</max>
        </countRange>
      </li>
      <li Class="StockGenerator_SingleDef">
        <thingDef>Pemmican</thingDef>
				<countRange>
          <min>150</min>
          <max>300</max>
        </countRange>
      </li>
      <li Class="StockGenerator_SingleDef">
        <thingDef>MedicineHerbal</thingDef>
        <countRange>
          <min>10</min>
          <max>20</max>
        </countRange>
      </li>
		  <li Class="StockGenerator_Slaves">
        <countRange>
          <min>3</min>
          <max>5</max>
        </countRange>
      </li>
			<li Class="StockGenerator_BuyArt" />
			<li Class="StockGenerator_BuyWeirdOrganic" />
    </stockGenerators>
  </TraderKindDef>

	<TraderKindDef>
		<defName>Ant_Caravan_ShamanMerchant</defName>
		<label>shaman merchant</label>
    <commonality>1</commonality>
		<stockGenerators>
			<li Class="StockGenerator_SingleDef">
				<thingDef>Silver</thingDef>
				<countRange>
					<min>750</min>
					<max>1200</max>
				</countRange>
			</li>
			<li Class="StockGenerator_SingleDef">
				<thingDef>Pemmican</thingDef>
				<countRange>
					<min>150</min>
					<max>300</max>
				</countRange>
			</li>
			<li Class="StockGenerator_SingleDef">
				<thingDef>Plasteel</thingDef>
				<countRange>
					<min>50</min>
					<max>150</max>
				</countRange>
			</li>
			<li Class="StockGenerator_SingleDef">
				<thingDef>Gold</thingDef>
				<countRange>
					<min>30</min>
					<max>60</max>
				</countRange>
			</li>
			<li Class="StockGenerator_SingleDef">
				<thingDef>Neutroamine</thingDef>
				<countRange>
					<min>25</min>
					<max>100</max>
				</countRange>
			</li>
			<li Class="StockGenerator_Tag">
				<tradeTag>Artifact</tradeTag>
				<thingDefCountRange>
					<min>3</min>
					<max>3</max>
				</thingDefCountRange>
				<countRange>
					<min>1</min>
					<max>1</max>
				</countRange>
			</li>
			<li Class="StockGenerator_Category">
				<categoryDef>Drugs</categoryDef>
				<maxTechLevelGenerate>Neolithic</maxTechLevelGenerate>
				<thingDefCountRange>
					<min>1</min>
					<max>1</max>
				</thingDefCountRange>
				<totalPriceRange>
					<min>300</min>
					<max>700</max>
				</totalPriceRange>
			</li>
      <li Class="StockGenerator_Animals">
        <tradeTagsSell>
		  <li>AnimalInsect</li>
          <li>AnimalFighter</li>
        </tradeTagsSell>
        <tradeTagsBuy>
          <li>AnimalExotic</li>
        </tradeTagsBuy>
        <kindCountRange>
          <min>1</min>
          <max>3</max>
        </kindCountRange>
        <countRange>
          <min>3</min>
          <max>6</max>
        </countRange>
      </li>
			<li Class="StockGenerator_BuyArt" />
			<li Class="StockGenerator_BuyWeirdOrganic" />
		</stockGenerators>
	</TraderKindDef>

</Defs>
