<?xml version="1.0" encoding="utf-8" ?>
<Defs>

<!-- Queen -->

  <TraitDef>
    <defName>Ant_HiveQueenTrait</defName>
    <commonality>0</commonality>
    <commonalityFemale>1</commonalityFemale>
	<disabledWorkTags>Violent</disabledWorkTags>
	<disabledWorkTypes>
		<li>Firefighter</li>
		<li>BasicWorker</li>
		<li>Handling</li>
		<li>Cooking</li>
		<li>Hunting</li>
		<li>Construction</li> 
		<li>Growing</li>
		<li>Mining</li>
		<li>PlantCutting</li>
		<li>Smithing</li>
		<li>Tailoring</li>
		<li>Art</li>
		<li>Crafting</li>
		<li>Hauling</li>
		<li>Cleaning</li>
		<li>Research</li>
	</disabledWorkTypes>
    <degreeDatas>
      <li>
        <label>antinium hive queen</label>
        <description>{PAWN_nameDef} was born to rule.\n\nOnly female Antinium have this trait. Queens are special, some of the special functions will not work with other pawns.</description>
		<marketValueFactorOffset>1.50</marketValueFactorOffset>
		<statOffsets>
          <MoveSpeed>-0.2</MoveSpeed>
		  <HungerRateMultiplier>0.30</HungerRateMultiplier>
		  <WorkSpeedGlobal>-0.30</WorkSpeedGlobal>
        </statOffsets>
      </li>
    </degreeDatas>
	<conflictingTraits>
	  <li>Ant_GenTwoSoldier</li>
	  <li>Ant_GenTwoFarmer</li>
	  <li>Ant_GenTwoDigger</li>
	  <li>Ant_GenTwoEmpath</li>
	  <li>Ant_GenTwoTunnelGuardian</li>
	  <li>Ant_GenTwoArtisan</li>
	  <li>Ant_GenTwoArchitect</li>
	  <li>Ant_GenTwoMountaineer</li>
	  <li>Ant_GenTwoWarden</li>
	  <li>Ant_GenTwoMadScientist</li>
	  <li>Ant_GenTwoPatrol</li>
      <li>Ant_GenTwoNurturing</li>
    </conflictingTraits>
  </TraitDef>


<!-- GenTwo Antinium -->

 <TraitDef>
    <defName>Ant_GenTwoSoldier</defName>
	<disabledWorkTypes>
		<li>Art</li>
		<li>Smithing</li>
		<li>Tailoring</li>
		<li>Crafting</li>
		<li>Research</li>
		<li>PlantCutting</li>
		<li>Growing</li>
	</disabledWorkTypes>
    <degreeDatas>	
    <li>
        <label>antinium soldier</label>
        <description>{PAWN_nameDef} was designed to be a soldier</description>
		<marketValueFactorOffset>0.40</marketValueFactorOffset>
		<statOffsets>
		  <ArmorRating_Sharp>0.05</ArmorRating_Sharp>
		  <MeleeDodgeChance>10</MeleeDodgeChance>
		  <UnskilledLaborSpeed>.05</UnskilledLaborSpeed>
        </statOffsets>
        <!--<statOffsets>
		  <ArmorRating_Sharp>0.10</ArmorRating_Sharp>
          <PainShockThreshold>0.15</PainShockThreshold>
		  <MeleeDodgeChance>15</MeleeDodgeChance>
		  <CarryingCapacity>15</CarryingCapacity>
		  <UnskilledLaborSpeed>.15</UnskilledLaborSpeed>
		  <MoveSpeed>0.4</MoveSpeed>
        </statOffsets>-->
	</li>
    </degreeDatas>
	<conflictingTraits>
      <li>Ant_HiveQueenTrait</li>

	  <li>Ant_GenTwoFarmer</li>
	  <li>Ant_GenTwoDigger</li>
	  <li>Ant_GenTwoEmpath</li>
	  <li>Ant_GenTwoTunnelGuardian</li>
	  <li>Ant_GenTwoArtisan</li>
	  <li>Ant_GenTwoArchitect</li>
	  <li>Ant_GenTwoMountaineer</li>
	  <li>Ant_GenTwoWarden</li>
	  <li>Ant_GenTwoMadScientist</li>
	  <li>Ant_GenTwoPatrol</li>
      <li>Ant_GenTwoNurturing</li>
    </conflictingTraits>
  </TraitDef>


 <TraitDef>
    <defName>Ant_GenTwoFarmer</defName>
	<disabledWorkTypes>
		<li>Mining</li>
	</disabledWorkTypes>
    <degreeDatas>
    <li>
        <label>antinium farmer</label>
        <description>{PAWN_nameDef} was designed to be a farmer</description>
		<marketValueFactorOffset>0.40</marketValueFactorOffset>
		<statOffsets>
		  <TrainAnimalChance>.10</TrainAnimalChance>
		  <PlantWorkSpeed>.10</PlantWorkSpeed>
		  <PlantHarvestYield>.10</PlantHarvestYield>
        </statOffsets>
       <!-- <statOffsets>
          <TameAnimalChance>.10</TameAnimalChance>
		  <TrainAnimalChance>.10</TrainAnimalChance>
		  <PlantWorkSpeed>.15</PlantWorkSpeed>
		  <PlantHarvestYield>.2</PlantHarvestYield>
		  <TradePriceImprovement>.07</TradePriceImprovement>
        </statOffsets>-->
	</li>
    </degreeDatas>
	<conflictingTraits>
      <li>Ant_HiveQueenTrait</li>
	  <li>Ant_GenTwoSoldier</li>
	  <li>Ant_GenTwoDigger</li>
	  <li>Ant_GenTwoEmpath</li>
	  <li>Ant_GenTwoTunnelGuardian</li>
	  <li>Ant_GenTwoArtisan</li>
	  <li>Ant_GenTwoArchitect</li>
	  <li>Ant_GenTwoMountaineer</li>
	  <li>Ant_GenTwoWarden</li>
	  <li>Ant_GenTwoMadScientist</li>
	  <li>Ant_GenTwoPatrol</li>
      <li>Ant_GenTwoNurturing</li>
    </conflictingTraits>
  </TraitDef>
  
  <TraitDef>
    <defName>Ant_GenTwoDigger</defName>
	<disabledWorkTypes>
		<li>Doctor</li>
		<li>Warden</li>
		<li>Research</li>
	</disabledWorkTypes>
    <degreeDatas>
    <li>
        <label>antinium digger</label>
        <description>{PAWN_nameDef} was designed to be a digger</description>
		<marketValueFactorOffset>0.40</marketValueFactorOffset>
		<statOffsets>
		  <MiningSpeed>.10</MiningSpeed>
		  <MiningYield>.10</MiningYield>
		  <PlantWorkSpeed>.05</PlantWorkSpeed>
        </statOffsets>
       <!-- <statOffsets>
		  <MiningSpeed>.15</MiningSpeed>
		  <MiningYield>.15</MiningYield>
		  <UnskilledLaborSpeed>1.15</UnskilledLaborSpeed>
		  <SmoothingSpeed>.1</SmoothingSpeed>
		  <PlantWorkSpeed>.15</PlantWorkSpeed>
		  <MeleeDodgeChance>10</MeleeDodgeChance>
        </statOffsets>-->
	</li>
    </degreeDatas>
	<conflictingTraits>
      <li>Ant_HiveQueenTrait</li>
	  <li>Ant_GenTwoSoldier</li>
	  <li>Ant_GenTwoFarmer</li>
	  <li>Ant_GenTwoEmpath</li>
	  <li>Ant_GenTwoTunnelGuardian</li>
	  <li>Ant_GenTwoArtisan</li>
	  <li>Ant_GenTwoArchitect</li>
	  <li>Ant_GenTwoMountaineer</li>
	  <li>Ant_GenTwoWarden</li>
	  <li>Ant_GenTwoMadScientist</li>
	  <li>Ant_GenTwoPatrol</li>
      <li>Ant_GenTwoNurturing</li>
    </conflictingTraits>
  </TraitDef>
  
  <TraitDef>
    <defName>Ant_GenTwoEmpath</defName>
	<disabledWorkTags>Violent</disabledWorkTags>
	
    <degreeDatas>
    <li>
        <label>antinium empath</label>
        <description>{PAWN_nameDef} was designed to be an empath</description>
		<marketValueFactorOffset>0.40</marketValueFactorOffset>
		<statOffsets>
		  <PsychicSensitivity>0.5</PsychicSensitivity>
		  <TameAnimalChance>.10</TameAnimalChance>
	  	  <NegotiationAbility>.10</NegotiationAbility>
        </statOffsets>
        <!--<statOffsets>
		  <PsychicSensitivity>0.5</PsychicSensitivity>
		  <TameAnimalChance>.20</TameAnimalChance>
		  <TrainAnimalChance>.15</TrainAnimalChance>
	  	  <NegotiationAbility>.20</NegotiationAbility>
		  <TradePriceImprovement>.15</TradePriceImprovement>
		  <SocialImpact>.15</SocialImpact>
		  <SculptingSpeed>.1</SculptingSpeed>
        </statOffsets>-->
	</li>
    </degreeDatas>
	<conflictingTraits>
      <li>Ant_HiveQueenTrait</li>
	  <li>Ant_GenTwoSoldier</li>
	  <li>Ant_GenTwoFarmer</li>
	  <li>Ant_GenTwoDigger</li>
	  <li>Ant_GenTwoTunnelGuardian</li>
	  <li>Ant_GenTwoArtisan</li>
	  <li>Ant_GenTwoArchitect</li>
	  <li>Ant_GenTwoMountaineer</li>
	  <li>Ant_GenTwoWarden</li>
	  <li>Ant_GenTwoMadScientist</li>
	  <li>Ant_GenTwoPatrol</li>
      <li>Ant_GenTwoNurturing</li>
    </conflictingTraits>
  </TraitDef>
  
   
  <TraitDef>
    <defName>Ant_GenTwoTunnelGuardian</defName>
	<disabledWorkTypes>
		<li>Smithing</li>
		<li>Tailoring</li>
		<li>Art</li>
	</disabledWorkTypes>
    <degreeDatas>
    <li>
        <label>antinium tunnel guardian</label>
        <description>{PAWN_nameDef} was designed to be a tunnel guardian</description>
		<marketValueFactorOffset>0.40</marketValueFactorOffset>
		<statOffsets>
		  <MiningSpeed>.10</MiningSpeed>
		  <MiningYield>.01</MiningYield>
	  	  <MedicalTendQuality>.05</MedicalTendQuality>
        </statOffsets>
       <!-- <statOffsets>
		  <MiningSpeed>.15</MiningSpeed>
		  <MiningYield>.15</MiningYield>
		  <MedicalTendSpeed>.15</MedicalTendSpeed>
	  	  <MedicalTendQuality>.10</MedicalTendQuality>
		  <MeleeDodgeChance>15</MeleeDodgeChance>
        </statOffsets>-->
	</li>
    </degreeDatas>
	<conflictingTraits>
      <li>Ant_HiveQueenTrait</li>
	  <li>Ant_GenTwoSoldier</li>
	  <li>Ant_GenTwoFarmer</li>
	  <li>Ant_GenTwoDigger</li>
	  <li>Ant_GenTwoEmpath</li>

	  <li>Ant_GenTwoArtisan</li>
	  <li>Ant_GenTwoArchitect</li>
	  <li>Ant_GenTwoMountaineer</li>
	  <li>Ant_GenTwoWarden</li>
	  <li>Ant_GenTwoMadScientist</li>
	  <li>Ant_GenTwoPatrol</li>
      <li>Ant_GenTwoNurturing</li>
    </conflictingTraits>
  </TraitDef>
  
  
<TraitDef>
    <defName>Ant_GenTwoArtisan</defName>
	<disabledWorkTypes>
		<li>Firefighter</li>
		<li>Handling</li>
	</disabledWorkTypes>
    <degreeDatas>
    <li>
        <label>antinium artisan </label>
        <description>{PAWN_nameDef} was designed to be an artisan, built to work with his hands</description>
		<marketValueFactorOffset>0.40</marketValueFactorOffset>
		<statOffsets>
		  <SculptingSpeed>.10</SculptingSpeed>
		  <TailoringSpeed>.10</TailoringSpeed>
		  <SmithingSpeed>.10</SmithingSpeed>
        </statOffsets>
<!--        <statOffsets>
		  <SculptingSpeed>.15</SculptingSpeed>
		  <TailoringSpeed>.15</TailoringSpeed>
		  <SmithingSpeed>.15</SmithingSpeed>
		  <ButcheryMechanoidEfficiency>.10</ButcheryMechanoidEfficiency>
        </statOffsets>-->
	</li>
    </degreeDatas>
	<conflictingTraits>
      <li>Ant_HiveQueenTrait</li>
	  <li>Ant_GenTwoSoldier</li>
	  <li>Ant_GenTwoFarmer</li>
	  <li>Ant_GenTwoDigger</li>
	  <li>Ant_GenTwoEmpath</li>
	  <li>Ant_GenTwoTunnelGuardian</li>

	  <li>Ant_GenTwoArchitect</li>
	  <li>Ant_GenTwoMountaineer</li>
	  <li>Ant_GenTwoWarden</li>
	  <li>Ant_GenTwoMadScientist</li>
	  <li>Ant_GenTwoPatrol</li>
      <li>Ant_GenTwoNurturing</li>
    </conflictingTraits>
  </TraitDef>
  
  <TraitDef>
    <defName>Ant_GenTwoArchitect</defName>
	<disabledWorkTags>ManualDumb</disabledWorkTags>
    <degreeDatas>
    <li>
        <label>antinium architect</label>
        <description>{PAWN_nameDef} was designed to be an architect, creating and building stuff.</description>
		<marketValueFactorOffset>0.40</marketValueFactorOffset>
		<statOffsets>
		  <ConstructionSpeed>.10</ConstructionSpeed>
		  <ConstructSuccessChance>.10</ConstructSuccessChance>
		  <FixBrokenDownBuildingSuccessChance>.10</FixBrokenDownBuildingSuccessChance>
        </statOffsets>
<!--        <statOffsets>
		  <ConstructionSpeed>.15</ConstructionSpeed>
		  <SmoothingSpeed>.10</SmoothingSpeed>
		  <ConstructSuccessChance>.15</ConstructSuccessChance>
		  <FixBrokenDownBuildingSuccessChance>.10</FixBrokenDownBuildingSuccessChance>
		  <ResearchSpeed>.05</ResearchSpeed>
        </statOffsets>-->
	</li>
    </degreeDatas>
	<conflictingTraits>
      <li>Ant_HiveQueenTrait</li>
	  <li>Ant_GenTwoSoldier</li>
	  <li>Ant_GenTwoFarmer</li>
	  <li>Ant_GenTwoDigger</li>
	  <li>Ant_GenTwoEmpath</li>
	  <li>Ant_GenTwoTunnelGuardian</li>
	  <li>Ant_GenTwoArtisan</li>

	  <li>Ant_GenTwoMountaineer</li>
	  <li>Ant_GenTwoWarden</li>
	  <li>Ant_GenTwoMadScientist</li>
	  <li>Ant_GenTwoPatrol</li>
      <li>Ant_GenTwoNurturing</li>
    </conflictingTraits>
  </TraitDef>
  
    <TraitDef>
    <defName>Ant_GenTwoMountaineer</defName>
	<disabledWorkTypes>
		<li>Doctor</li>
		<li>Smithing</li>
		<li>Tailoring</li>		
		<li>Crafting</li>
	</disabledWorkTypes>
    <degreeDatas>
    <li>
        <label>antinium mountaineer</label>
        <description>{PAWN_nameDef} was designed to be a mountaineer.</description>
		<marketValueFactorOffset>0.40</marketValueFactorOffset>
		<statOffsets>
		  <MiningSpeed>.10</MiningSpeed>
		  <FoodPoisonChance>-.10</FoodPoisonChance>
		  <ShootingAccuracyPawn>3</ShootingAccuracyPawn>
        </statOffsets>
<!--        <statOffsets>
		  <MiningSpeed>.15</MiningSpeed>
		  <CookSpeed>.10</CookSpeed>
		  <FoodPoisonChance>-.10</FoodPoisonChance>
		  <AimingDelayFactor>-.30</AimingDelayFactor>
		  <ShootingAccuracyPawn>3</ShootingAccuracyPawn>
        </statOffsets>-->
	</li>
    </degreeDatas>
	<conflictingTraits>
      <li>Ant_HiveQueenTrait</li>
	  <li>Ant_GenTwoSoldier</li>
	  <li>Ant_GenTwoFarmer</li>
	  <li>Ant_GenTwoDigger</li>
	  <li>Ant_GenTwoEmpath</li>
	  <li>Ant_GenTwoTunnelGuardian</li>
	  <li>Ant_GenTwoArtisan</li>
	  <li>Ant_GenTwoArchitect</li>

	  <li>Ant_GenTwoWarden</li>
	  <li>Ant_GenTwoMadScientist</li>
	  <li>Ant_GenTwoPatrol</li>
      <li>Ant_GenTwoNurturing</li>
    </conflictingTraits>
  </TraitDef>
  
   
   <TraitDef>
    <defName>Ant_GenTwoWarden</defName>
	<disabledWorkTypes>
		<li>Cooking</li>
		<li>Growing</li>
		<li>PlantCutting</li>
		<li>Smithing</li>
		<li>Tailoring</li>	
		<li>Crafting</li>
	</disabledWorkTypes>
    <degreeDatas>
    <li>
        <label>antinium warden</label>
        <description>{PAWN_nameDef} was designed to be a warden.</description>
		<marketValueFactorOffset>0.40</marketValueFactorOffset>
		<statOffsets>
		  <SocialImpact>.10</SocialImpact>
		  <MedicalTendSpeed>.10</MedicalTendSpeed>
	  	  <MedicalSurgerySuccessChance>.10</MedicalSurgerySuccessChance>
        </statOffsets>
<!--        <statOffsets>
		  <SocialImpact>.20</SocialImpact>
		  <TradePriceImprovement>.10</TradePriceImprovement>
		  <MedicalTendSpeed>.20</MedicalTendSpeed>
	  	  <MedicalSurgerySuccessChance>.10</MedicalSurgerySuccessChance>
		  <MeleeHitChance>5</MeleeHitChance>
		  <ArmorRating_Blunt>0.10</ArmorRating_Blunt>
        </statOffsets>-->
	</li>
    </degreeDatas>
	<conflictingTraits>
      <li>Ant_HiveQueenTrait</li>
	  <li>Ant_GenTwoSoldier</li>
	  <li>Ant_GenTwoFarmer</li>
	  <li>Ant_GenTwoDigger</li>
	  <li>Ant_GenTwoEmpath</li>
	  <li>Ant_GenTwoTunnelGuardian</li>
	  <li>Ant_GenTwoArtisan</li>
	  <li>Ant_GenTwoArchitect</li>
	  <li>Ant_GenTwoMountaineer</li>
	  <li>Ant_GenTwoMadScientist</li>
	  <li>Ant_GenTwoPatrol</li>
      <li>Ant_GenTwoNurturing</li>
    </conflictingTraits>
  </TraitDef>
  
   <TraitDef>
    <defName>Ant_GenTwoMadScientist</defName>
	<disabledWorkTypes>
		<li>Mining</li>
		<li>Warden</li>
		<li>Hauling</li>
		<li>Cleaning</li>
	</disabledWorkTypes>
    <degreeDatas>
    <li>
        <label>antinium geneticist</label>
        <description>{PAWN_nameDef} was designed to be a geneticist.</description>
		<marketValueFactorOffset>0.40</marketValueFactorOffset>
		<statOffsets>
		  <ResearchSpeed>.05</ResearchSpeed>
		  <MedicalSurgerySuccessChance>.10</MedicalSurgerySuccessChance>
		  <DrugSynthesisSpeed>.10</DrugSynthesisSpeed>
	  	  <ButcheryFleshSpeed>.10</ButcheryFleshSpeed>
		  <ButcheryFleshEfficiency>.10</ButcheryFleshEfficiency>
        </statOffsets>
        <!--<statOffsets>
		  <ResearchSpeed>.10</ResearchSpeed>
		  <MedicalOperationSpeed>.15</MedicalOperationSpeed>
		  <MedicalSurgerySuccessChance>.15</MedicalSurgerySuccessChance>
		  <DrugSynthesisSpeed>.10</DrugSynthesisSpeed>
	  	  <ButcheryFleshSpeed>.10</ButcheryFleshSpeed>
		  <ButcheryFleshEfficiency>.15</ButcheryFleshEfficiency>
        </statOffsets>-->
	</li>
    </degreeDatas>
	<conflictingTraits>
      <li>Ant_HiveQueenTrait</li>
	  <li>Ant_GenTwoSoldier</li>
	  <li>Ant_GenTwoFarmer</li>
	  <li>Ant_GenTwoDigger</li>
	  <li>Ant_GenTwoEmpath</li>
	  <li>Ant_GenTwoTunnelGuardian</li>
	  <li>Ant_GenTwoArtisan</li>
	  <li>Ant_GenTwoArchitect</li>
	  <li>Ant_GenTwoMountaineer</li>
	  <li>Ant_GenTwoWarden</li>

	  <li>Ant_GenTwoPatrol</li>
      <li>Ant_GenTwoNurturing</li>
    </conflictingTraits>
  </TraitDef>
  
   <TraitDef>
    <defName>Ant_GenTwoPatrol</defName>
	<disabledWorkTypes>
		<li>Cooking</li>
		<li>Art</li>	
	</disabledWorkTypes>
    <degreeDatas>
    <li>
        <label>antinium patrol</label>
        <description>{PAWN_nameDef} was designed to be a patrol.</description>
		<marketValueFactorOffset>0.40</marketValueFactorOffset>
		<statOffsets>
		  <ArmorRating_Sharp>0.10</ArmorRating_Sharp>
		  <AimingDelayFactor>-.20</AimingDelayFactor>
		  <ConstructionSpeed>.10</ConstructionSpeed>
        </statOffsets>
        <!--<statOffsets>
		  <ArmorRating_Sharp>0.10</ArmorRating_Sharp>
		  <AimingDelayFactor>-.20</AimingDelayFactor>
		  <ShootingAccuracyPawn>6</ShootingAccuracyPawn>
		  <ConstructionSpeed>.20</ConstructionSpeed>
		  <ConstructSuccessChance>.10</ConstructSuccessChance>
        </statOffsets>-->
	</li>
    </degreeDatas>
	<conflictingTraits>
      <li>Ant_HiveQueenTrait</li>
	  <li>Ant_GenTwoSoldier</li>
	  <li>Ant_GenTwoFarmer</li>
	  <li>Ant_GenTwoDigger</li>
	  <li>Ant_GenTwoEmpath</li>
	  <li>Ant_GenTwoTunnelGuardian</li>
	  <li>Ant_GenTwoArtisan</li>
	  <li>Ant_GenTwoArchitect</li>
	  <li>Ant_GenTwoMountaineer</li>
	  <li>Ant_GenTwoWarden</li>
	  <li>Ant_GenTwoMadScientist</li>

      <li>Ant_GenTwoNurturing</li>
    </conflictingTraits>
  </TraitDef>
  
    <TraitDef>
    <defName>Ant_GenTwoNurturing</defName>
    <degreeDatas>
    <li>
        <label>antinium nurturing</label>
        <description>{PAWN_nameDef} was designed to have a nurturing nature.</description>
		<marketValueFactorOffset>0.40</marketValueFactorOffset>
		<statOffsets>
		  <TradePriceImprovement>.10</TradePriceImprovement>
		  <PlantHarvestYield>.15</PlantHarvestYield>
        </statOffsets>
        <!--<statOffsets>
		  <NegotiationAbility>.10</NegotiationAbility>
		  <TradePriceImprovement>.10</TradePriceImprovement>
		  <SocialImpact>.2</SocialImpact>
		  <PlantWorkSpeed>.1</PlantWorkSpeed>
		  <PlantHarvestYield>.2</PlantHarvestYield>
        </statOffsets>-->
	</li>
    </degreeDatas>
	<conflictingTraits>
      <li>Ant_HiveQueenTrait</li>
	  <li>Ant_GenTwoSoldier</li>
	  <li>Ant_GenTwoFarmer</li>
	  <li>Ant_GenTwoDigger</li>
	  <li>Ant_GenTwoEmpath</li>
	  <li>Ant_GenTwoTunnelGuardian</li>
	  <li>Ant_GenTwoArtisan</li>
	  <li>Ant_GenTwoArchitect</li>
	  <li>Ant_GenTwoMountaineer</li>
	  <li>Ant_GenTwoWarden</li>
	  <li>Ant_GenTwoMadScientist</li>
	  <li>Ant_GenTwoPatrol</li>
    </conflictingTraits>
  </TraitDef>
  
</Defs>