﻿<?xml version="1.0" encoding="utf-8" ?>
<Defs>

<AlienRace.BackstoryDef>
    <defName>Ant_HiveQueenBackstory</defName>
    <title>Queen</title>
    <titleShort>Queen</titleShort>
    <baseDescription>[PAWN_nameDef] was born to be the queen of her hive. Serve her well.</baseDescription>
	<bodyTypeGlobal>Female</bodyTypeGlobal>
	<slot>Adulthood</slot>
	<spawnCategories>
      <li>Ant_HiveQueenBackstories</li>
    </spawnCategories>
	<workAllows>
        <li>Social</li>
		<li>Caring</li>
    </workAllows>
	<forcedTraits>
        <li>
            <defName>Ant_HiveQueenTrait</defName>
            <chance>100</chance>
        </li>
    </forcedTraits>
	<maleCommonality>0</maleCommonality>
	<femaleCommonality>100</femaleCommonality>
	<relationSettings>
		<relationChanceModifierLover>0</relationChanceModifierLover>
		<relationChanceModifierExLover>0</relationChanceModifierExLover>

		<relationChanceModifierFiance>0</relationChanceModifierFiance>
		<relationChanceModifierSpouse>0</relationChanceModifierSpouse>
		<relationChanceModifierExSpouse>0</relationChanceModifierExSpouse>

		<relationChanceModifierParent>0</relationChanceModifierParent>
		<relationChanceModifierChild>0</relationChanceModifierChild>
		<relationChanceModifierSibling>0</relationChanceModifierSibling>
    </relationSettings>
	<disallowedTraits>
		<li><defName>Ant_GenTwoSoldier</defName></li>
		<li><defName>Ant_GenTwoFarmer</defName></li>
		<li><defName>Ant_GenTwoDigger</defName></li>
		<li><defName>Ant_GenTwoEmpath</defName></li>
		<li><defName>Ant_GenTwoTunnelGuardian</defName></li>
		<li><defName>Ant_GenTwoArtisan</defName></li>
		<li><defName>Ant_GenTwoArchitect</defName></li>
		<li><defName>Ant_GenTwoMountaineer</defName></li>
		<li><defName>Ant_GenTwoWarden</defName></li>
		<li><defName>Ant_GenTwoMadScientist</defName></li>
		<li><defName>Ant_GenTwoPatrol</defName></li>
		<li><defName>Ant_GenTwoNurturing</defName></li>

	</disallowedTraits>
</AlienRace.BackstoryDef>



<AlienRace.BackstoryDef>
    <defName>Ant_RoyalLarvaBackstory</defName>
    <title>Royal Larva</title>
    <titleShort>Larva</titleShort>
    <baseDescription>[PAWN_nameDef] was a royal larva. Guard her.</baseDescription>
	<bodyTypeGlobal>Female</bodyTypeGlobal>
	<slot>Childhood</slot>
	<spawnCategories>
      <li>Ant_HiveQueenBackstories</li>
    </spawnCategories>
	<maleCommonality>0</maleCommonality>
	<femaleCommonality>100</femaleCommonality>
	<relationSettings>
		<relationChanceModifierLover>0</relationChanceModifierLover>
		<relationChanceModifierExLover>0</relationChanceModifierExLover>

		<relationChanceModifierFiance>0</relationChanceModifierFiance>
		<relationChanceModifierSpouse>0</relationChanceModifierSpouse>
		<relationChanceModifierExSpouse>0</relationChanceModifierExSpouse>

		<relationChanceModifierParent>0</relationChanceModifierParent>
		<relationChanceModifierChild>0</relationChanceModifierChild>
		<relationChanceModifierSibling>0</relationChanceModifierSibling>
    </relationSettings>
	<workAllows>
        <li>Social</li>
		<li>Caring</li>
    </workAllows>
	<forcedTraits>
        <li>
            <defName>Ant_HiveQueenTrait</defName>
            <chance>100</chance>
        </li>
    </forcedTraits>
	<linkedBackstory>Ant_HiveQueenBackstory</linkedBackstory>
</AlienRace.BackstoryDef>



</Defs>