<?xml version="1.0" encoding="utf-8" ?>
<Defs>
<AlienRace.ThingDef_AlienRace ParentName="BasePawn">
    <defName>Ant_AntiniumRace</defName>
    <label>Antinium</label>
    <description>This is an ant person</description>
	<statBases>
      <MarketValue>900</MarketValue>
	  <MoveSpeed>4.8</MoveSpeed>
	  
	  <PsychicSensitivity>1.07</PsychicSensitivity>
	  <ToxicSensitivity>.8</ToxicSensitivity>
	  <FoodPoisonChance>5</FoodPoisonChance>
	  <HungerRateMultiplier>0.9</HungerRateMultiplier>
	<!--animals-->
	  <TameAnimalChance>.75</TameAnimalChance>
	  <TrainAnimalChance>.9</TrainAnimalChance>
	  <AnimalGatherSpeed>1.1</AnimalGatherSpeed>
	  <AnimalGatherYield>1.15</AnimalGatherYield>
	  <ButcheryFleshEfficiency>.85</ButcheryFleshEfficiency>
	  <HuntingStealth>1.1</HuntingStealth>
	<!--labor-->
	  <CarryingCapacity>90</CarryingCapacity>
	  <MiningSpeed>1.15</MiningSpeed>
	  <MiningYield>1.15</MiningYield>
	  <GeneralLaborSpeed>1.05</GeneralLaborSpeed>
	  <SmoothingSpeed>1.15</SmoothingSpeed>
	  <ConstructionSpeed>1.15</ConstructionSpeed>
	  <ConstructSuccessChance>1.15</ConstructSuccessChance>
	<!--plants-->
	  <PlantWorkSpeed>.9</PlantWorkSpeed>
	  <PlantHarvestYield>.9</PlantHarvestYield>
	<!--social-->
	  <NegotiationAbility>.8</NegotiationAbility>
	  <TradePriceImprovement>.8</TradePriceImprovement>
	  <SocialImpact>1.1</SocialImpact>
	  
	<!--combat & health-->
	  <ArmorRating_Blunt>0.15</ArmorRating_Blunt>
      <ArmorRating_Sharp>0.20</ArmorRating_Sharp>
	  <MeleeDodgeChance>10</MeleeDodgeChance>
	  <MeleeHitChance>5</MeleeHitChance>
	  <AimingDelayFactor>1.3</AimingDelayFactor>
	  <ShootingAccuracyPawn>-5</ShootingAccuracyPawn>
	  <ImmunityGainSpeed>1.2</ImmunityGainSpeed>
	  
	  <LeatherAmount>45</LeatherAmount>
    </statBases>
	

    <alienRace>
        <generalSettings>
			<!--<canLayDown>false</canLayDown>-->
			<validBeds>
				<li>AntSleepingSpot</li>
				<li>AntSleepingAlcove</li>
				<li>AntFluffFortress</li>
		    </validBeds>
			<maxDamageForSocialfight>6</maxDamageForSocialfight>
			<humanRecipeImport>true</humanRecipeImport>
			<maleGenderProbability>1</maleGenderProbability>
			<alienPartGenerator>
				<aliencrowntypes>
				<li>Average_Normal</li>
				<li>Average_Wide</li>
				<li>Narrow_Normal</li>
				<li>Narrow_Wide</li>
				</aliencrowntypes>
				
				<useGenderedHeads>false</useGenderedHeads>
				<alienbodytypes>
					<li>Hulk</li>
					<li>Thin</li>
					<li>Male</li>
					<li>Female</li>
				</alienbodytypes>
				<alienskincolorgen Class="ColorGenerator_Options">
                <options>
				<!-- reddish -->
                    <li>
                        <weight>5</weight>
                        <only>RGBA(0.16,0.14,0.14,1)</only>
                    </li>
					<li>
                        <weight>5</weight>
                        <only>RGBA(.16,.08,.05,1)</only>
                    </li>
					<li>
                        <weight>5</weight>
                        <only>RGBA(.31,.21,.2,1)</only>
                    </li>
					<li>
                        <weight>5</weight>
                        <only>RGBA(.18,.13,.11,1)</only>
                    </li>
					<li>
                        <weight>5</weight>
                        <only>RGBA(.25,.11,.08,1)</only>
                    </li>
					<li>
                        <weight>5</weight>
                        <only>RGBA(.27,.15,.14,1)</only>
                    </li>
					
				<!-- browns -->
					<li>
                        <weight>5</weight>
                        <only>RGBA(.20,.16,.14,1)</only>
                    </li>
					<li>
                        <weight>5</weight>
                        <only>RGBA(.26,.22,.18,1)</only>
                    </li>
					<li>
                        <weight>5</weight>
                        <only>RGBA(.23,.14,.11,1)</only>
                    </li>
					<li>
                        <weight>5</weight>
                        <only>RGBA(.18,.11,.08,1)</only>
                    </li>
				<!-- yellow ish -->
					<li>
                        <weight>5</weight>
                        <only>RGBA(.25,.18,.06,1)</only>
                    </li>
					
					<li>
                        <weight>5</weight>
                        <only>RGBA(.27,.19,.13,1)</only>
                    </li>
					<li>
                        <weight>5</weight>
                        <only>RGBA(.23,.16,.08,1)</only>
                    </li>
					<li>
                        <weight>5</weight>
                        <only>RGBA(.18,.11,.05,1)</only>
                    </li>
					<li>
                        <weight>5</weight>
                        <only>RGBA(.20,.13,.04,1)</only>
                    </li>
					
                </options>
				</alienskincolorgen>
			</alienPartGenerator>

			<chemicalSettings>

            </chemicalSettings>

			<disallowedTraits>
               <li>Cannibal</li>
			   <li>Greedy</li>
			   <li>Jealous</li>
			   <li>DislikesMen</li>
			   <li>DislikesWomen</li>
			   <li>Bloodlust</li>
            </disallowedTraits>
		
		</generalSettings>
        <graphicPaths>
			<li>
				<head>Antinium/Head/</head>
				<!--<skull>Antinium/Skull/</skull>-->
			</li>
			<li>
                <lifeStageDefs>
                    <li>HumanlikeBaby</li>
					<li>HumanlikeToddler</li>
					<li>HumanlikeChild</li>
                </lifeStageDefs>
                <body>Antinium/Larva/</body>
                <head />
                <skeleton>Antinium/DessicatedLarva/DessicatedLarva</skeleton>
                <skull/>
            </li>
        </graphicPaths>
        <hairSettings>
			<hasHair>false</hasHair>
        </hairSettings>
        <thoughtSettings>
			<replacerList>
		<!--Food thoughts-->
				<li>
                    <original>AteRawFood</original>
                    <replacer>Ant_AteRawFood</replacer> 
                </li>
				<li>
                    <original>AteKibble</original>
                    <replacer>Ant_AteKibble</replacer> 
                </li>
				<li>
                    <original>AteCorpse</original>
                    <replacer>Ant_AteCorpse</replacer> 
                </li>
				<li>
                    <original>AteRottenFood</original>
                    <replacer>Ant_AteRottenFood</replacer> 
                </li>
				<!--AteInsectMeatDirect-->	
				<!--AteInsectMeatAsIngredient-->	
		<!--outdoors and room size-->		

				<li>
                    <original>NeedOutdoors</original>
                    <replacer>Ant_NeedOutdoors</replacer> 
                </li>
		<!--bedroom and barracks-->
		<!--		<li>											-->
        <!--            <original>SleptInBedroom</original>			-->
        <!--            <replacer>Ant_SleptInBedroom</replacer> 	-->
        <!--        </li>											-->
		<!--		<li>											-->
        <!--            <original>SleptInBarracks</original>		-->
        <!--            <replacer>Ant_SleptInBarracks</replacer> 	-->
        <!--        </li>											-->

		<!--death-->		
				<li>
                    <original>KnowGuestExecuted</original>
                    <replacer>Ant_KnowGuestExecuted</replacer> 
                </li>
				<li>
                    <original>KnowColonistExecuted</original>
                    <replacer>Ant_KnowColonistExecuted</replacer> 
                </li>
				<li>
                    <original>KnowPrisonerDiedInnocent</original>
                    <replacer>Ant_KnowPrisonerDiedInnocent</replacer> 
                </li>
				<li>
                    <original>KnowColonistDied</original>
                    <replacer>Ant_KnowColonistDied</replacer> 
                </li>
				<li>
                    <original>PawnWithGoodOpinionDied</original>
                    <replacer>Ant_PawnWithGoodOpinionDied</replacer> 
                </li>
		<!--family member deaths-->
				<li>
                    <original>MyHusbandDied</original>
                    <replacer>Ant_MyHusbandDied</replacer> 
                </li>
				<li>
                    <original>MyWifeDied</original>
                    <replacer>Ant_MyWifeDied</replacer> 
                </li>
				<li>
                    <original>MyFianceDied</original>
                    <replacer>Ant_MyFianceDied</replacer> 
                </li>
				<li>
                    <original>MyFianceeDied</original>
                    <replacer>Ant_MyFianceeDied</replacer> 
                </li>
				<li>
                    <original>MyLoverDied</original>
                    <replacer>Ant_MyLoverDied</replacer> 
                </li>
		<!--organ harvesting-->
				<li>
                    <original>KnowGuestOrganHarvested</original>
                    <replacer>Ant_KnowGuestOrganHarvested</replacer> 
                </li>
				<li>
                    <original>KnowColonistOrganHarvested</original>
                    <replacer>Ant_KnowColonistOrganHarvested</replacer> 
                </li>
		<!-- Banishing pawns -->
				<li>
                    <original>ColonistBanished</original>
                    <replacer>Ant_ColonistBanished</replacer> 
                </li>
				<li>
                    <original>ColonistBanishedToDie</original>
                    <replacer>Ant_ColonistBanishedToDie</replacer> 
                </li>
		<!-- misc -->		
				<li>
                    <original>SoakingWet</original>
                    <replacer>Ant_SoakingWet</replacer> 
                </li>
				<li>
                    <original>ArtifactMoodBoost</original>
                    <replacer>Ant_ArtifactMoodBoost</replacer> 
                </li>
				<li>
                    <original>KnowPrisonerSold</original>
                    <replacer>Ant_KnowPrisonerSold</replacer> 
                </li>
				
		<!--TEST STUFF GOES HERE-->

				
            </replacerList>
			
			<cannotReceiveThoughts>

				<li>Naked</li>
				<li>EnvironmentDark</li>
				<li>DeadMansApparel</li>
				<li>HumanLeatherApparelSad</li>
				<li>HumanLeatherApparelHappy</li>
				<li>AteHumanlikeMeatDirect</li>
				<li>AteHumanlikeMeatDirectCannibal</li>
				<li>AteHumanlikeMeatAsIngredient</li>
				<li>AteHumanlikeMeatAsIngredientCannibal</li>
				<li>Naked</li>
				<li>SleepDisturbed</li>
				<li>ButcheredHumanlikeCorpse</li>
				<li>KnowButcheredHumanlikeCorpse</li>
				<li>PrisonBarracks</li>
				<li>NeedRoomSize</li>
				<li>PrisonCell</li>
				<li>NeedOutdoors</li>

			<!-- opinion thoughts -->
				<li>ButcheredHumanlikeCorpseOpinion</li>
				<li>AteRawHumanlikeMeat</li>				

				<li>Ant_OtherQueenMood</li>
			</cannotReceiveThoughts>
			
			<restrictedThoughts>
				<li>Ant_PrisonBarracks</li>
				<li>Ant_NeedRoomSize</li>
				<li>Ant_PrisonCell</li>
				<li>Ant_NeedOutdoors</li>
				<li>Ant_AntQueenMood</li>
			</restrictedThoughts>

      </thoughtSettings>
        
		
		<relationSettings>

        </relationSettings>
        <raceRestriction>
			<traitList>
                <li>Ant_BirdLover</li>
				<!--<li>Ant_Farmer</li>-->
				<li>Ant_Digger</li>
				<li>Ant_Empath</li>
				<li>Ant_TunnelGuardian</li>
				<!--<li>Ant_Artisan</li>-->
				<!--<li>Ant_Architect</li>-->
				<li>Ant_Ranger</li>
				<li>Ant_Warden</li>
				<li>Ant_GeneResearcher</li>
				<!--<li>Ant_Patrol</li>-->
				<li>Ant_Caretaker</li>
				<li>Ant_HiveQueenTrait</li>
            </traitList>
			
			<researchList>
                <li>
                    <projects>
                        <li>Ant_Brewing</li>
                    </projects>
                </li>
            </researchList>
			
			<recipeList>
                <li>Ant_RxlvnMash</li>
            </recipeList>
			<!--<buildingList> <li>Ant_RxlvnFermentingBarrel</li> </buildingList>-->
        </raceRestriction>
    </alienRace>
	<tools>
      <li>
        <label>left fist</label>
        <capacities>
          <li>Blunt</li>
        </capacities>
        <power>8.2</power>
        <cooldownTime>1.8</cooldownTime>
        <linkedBodyPartsGroup>LeftHand</linkedBodyPartsGroup>
        <surpriseAttack>
          <extraMeleeDamages>
            <li>
              <def>Stun</def>
              <amount>14</amount>
            </li>
          </extraMeleeDamages>
        </surpriseAttack>
      </li>
      <li>
        <label>right fist</label>
        <capacities>
          <li>Blunt</li>
        </capacities>
        <power>8.2</power>
        <cooldownTime>1.8</cooldownTime>
        <linkedBodyPartsGroup>RightHand</linkedBodyPartsGroup>
        <surpriseAttack>
          <extraMeleeDamages>
            <li>
              <def>Stun</def>
              <amount>14</amount>
            </li>
          </extraMeleeDamages>
        </surpriseAttack>
      </li>
	    <li>
        <label>lower right fist</label>
        <capacities>
          <li>Blunt</li>
        </capacities>
        <power>8.2</power>
        <cooldownTime>1.8</cooldownTime>
        <linkedBodyPartsGroup>LowerRightHand</linkedBodyPartsGroup>
        <surpriseAttack>
          <extraMeleeDamages>
            <li>
              <def>Stun</def>
              <amount>14</amount>
            </li>
          </extraMeleeDamages>
        </surpriseAttack>
      </li>
	  
	    <li>
        <label>lower left fist</label>
        <capacities>
          <li>Blunt</li>
        </capacities>
        <power>8.2</power>
        <cooldownTime>1.8</cooldownTime>
        <linkedBodyPartsGroup>LowerLeftHand</linkedBodyPartsGroup>
        <surpriseAttack>
          <extraMeleeDamages>
            <li>
              <def>Stun</def>
              <amount>14</amount>
            </li>
          </extraMeleeDamages>
        </surpriseAttack>
      </li>
      <li>
        <label>mandibles</label>
        <capacities>
          <li>Bite</li>
        </capacities>
        <power>9</power>
        <cooldownTime>2</cooldownTime>
        <linkedBodyPartsGroup>Ant_Mandibles</linkedBodyPartsGroup>
        <chanceFactor>0.07</chanceFactor>
      </li>
      <li>
        <label>head</label>
        <capacities>
          <li>Blunt</li>
        </capacities>
        <power>5</power>
        <cooldownTime>2</cooldownTime>
        <linkedBodyPartsGroup>HeadAttackTool</linkedBodyPartsGroup>
        <ensureLinkedBodyPartsGroupAlwaysUsable>true</ensureLinkedBodyPartsGroupAlwaysUsable>
        <chanceFactor>0.2</chanceFactor>
      </li>
    </tools>
	<comps>
      <li Class="AntiniumHiveQueen.CompProperties_HQPresence"></li>
    </comps>
    <race>
	  <nameGenerator>NamerPersonAntinium</nameGenerator>
      <thinkTreeMain>Humanlike</thinkTreeMain>
      <thinkTreeConstant>HumanlikeConstant</thinkTreeConstant>
      <intelligence>Humanlike</intelligence>
      <makesFootprints>true</makesFootprints>
      <lifeExpectancy>80</lifeExpectancy>
	  
      <leatherDef>Ant_AntiniumChitin</leatherDef>
	  <meatColor>(160,168,139)</meatColor>
	  <bloodDef>Filth_BloodInsect</bloodDef>

	  <foodType>OmnivoreHuman</foodType>
	  
      <nameCategory>HumanStandard</nameCategory>
      <body>Antinium</body>
      <baseBodySize>1</baseBodySize>
      <baseHealthScale>1</baseHealthScale>
      
      <gestationPeriodDays>45</gestationPeriodDays>
      <meatMarketValue>0.8</meatMarketValue>
      <manhunterOnDamageChance>0.20</manhunterOnDamageChance>
      <manhunterOnTameFailChance>0.02</manhunterOnTameFailChance>
      <litterSizeCurve>
        <points>
          <li>(0.5, 0)</li>
          <li>(1, 1)</li>
          <li>(1.01, 0.02)</li>
          <li>(3.5, 0)</li>
        </points>
      </litterSizeCurve>
      <lifeStageAges>
        <li>
          <def>HumanlikeBaby</def>
          <minAge>0</minAge>
        </li>
        <li>
          <def>HumanlikeToddler</def>
          <minAge>1.2</minAge>
        </li>
        <li>
          <def>HumanlikeChild</def>
          <minAge>4</minAge>
        </li>
        <li>
          <def>HumanlikeTeenager</def>
          <minAge>13</minAge>
        </li>
        <li>
          <def>HumanlikeAdult</def>
          <minAge>18</minAge>
        </li>
      </lifeStageAges>
      <soundMeleeHitPawn>Pawn_Melee_Punch_HitPawn</soundMeleeHitPawn>
      <soundMeleeHitBuilding>Pawn_Melee_Punch_HitBuilding</soundMeleeHitBuilding>
      <soundMeleeMiss>Pawn_Melee_Punch_Miss</soundMeleeMiss>
      <specialShadowData>
        <volume>(0.3, 0.8, 0.4)</volume>
        <offset>(0,0,-0.3)</offset>
      </specialShadowData>
      <ageGenerationCurve>
        <points>
          <li>(14,0)</li>
          <li>(16,100)</li>
          <li>(50,100)</li>
          <li>(60,30)</li>
          <li>(70,18)</li>
          <li>(80,10)</li>
          <li>(90,3)</li>
          <li>(100,0)</li>
        </points>
      </ageGenerationCurve>
      <hediffGiverSets>
        <li>OrganicStandard</li>
        <li>Human</li>
      </hediffGiverSets>
    </race>
    <recipes>
      <li>InstallArchotechEye</li>
      <li>InstallArchotechArm</li>
      <li>InstallArchotechLeg</li>
      <li>InstallPowerClaw</li>
      <li>InstallBionicEye</li>
      <li>InstallBionicArm</li>
      <li>InstallBionicLeg</li>
      <li>InstallBionicSpine</li>
      <li>InstallBionicHeart</li>
      <li>InstallBionicStomach</li>
      <li>InstallBionicEar</li>
      <li>InstallSimpleProstheticArm</li>
      <li>InstallSimpleProstheticLeg</li>
      <li>InstallSimpleProstheticHeart</li>
      <li>InstallCochlearImplant</li>
      <li>InstallPegLeg</li>
      <li>InstallWoodenFoot</li>
      <li>InstallDenture</li>
      <li>InstallJoywire</li>
      <li>InstallPainstopper</li>
      <li>InstallNaturalHeart</li>
      <li>InstallNaturalLung</li>
      <li>InstallNaturalKidney</li>
      <li>InstallNaturalLiver</li>
      <li>ExciseCarcinoma</li>
      <li>AdministerMechSerumHealer</li>
      <li>RemoveBodyPart</li>
      <li>Euthanize</li>
      <li>Anesthetize</li>
    </recipes>

</AlienRace.ThingDef_AlienRace>



<AlienRace.RaceSettings>
  <defName>Ant_RaceSettings</defName>
  <pawnKindSettings>
      <alienslavekinds>
        <li>
          <kindDefs>
            <li>Antinium</li>
          </kindDefs>
          <chance>20.0</chance>
        </li>
      </alienslavekinds>
	  
      <alienrefugeekinds>
        <li>
          <kindDefs>
            <li>Antinium</li>
			<li>Ant_Combatant</li>
			<li>Ant_Bowman</li>
          </kindDefs>
          <chance>15.0</chance>
        </li>
      </alienrefugeekinds>

  </pawnKindSettings>
</AlienRace.RaceSettings>


 </Defs>
 
