﻿<?xml version="1.0" encoding="utf-8" ?>
<Defs>

<AlienRace.BackstoryDef>
    <defName>Ant_HiveQueenBackstory</defName>
    <title>Queen</title>
    <titleShort>Queen</titleShort>
    <baseDescription>[PAWN_nameDef] was born to be the queen of her hive. Serve her well.</baseDescription>
	<bodyTypeGlobal>Female</bodyTypeGlobal>
	<slot>Adulthood</slot>
	<spawnCategories>
      <li>Ant_HiveQueenBackstories</li>
    </spawnCategories>
	<workAllows>
        <li>Social</li>
		<li>Caring</li>
    </workAllows>
	<forcedTraits>
        <li>
            <defName>Ant_HiveQueenTrait</defName>
            <chance>100</chance>
        </li>
    </forcedTraits>
	<maleCommonality>0</maleCommonality>
	<femaleCommonality>100</femaleCommonality>
	<relationSettings>
		<relationChanceModifierLover>0</relationChanceModifierLover>
		<relationChanceModifierExLover>0</relationChanceModifierExLover>
		<relationChanceModifierFiance>0</relationChanceModifierFiance>
		<relationChanceModifierSpouse>0</relationChanceModifierSpouse>
		<relationChanceModifierExSpouse>0</relationChanceModifierExSpouse>
		<relationChanceModifierParent>0</relationChanceModifierParent>
		<relationChanceModifierChild>0</relationChanceModifierChild>
		<relationChanceModifierSibling>0</relationChanceModifierSibling>
    </relationSettings>
	<disallowedTraits>
		<li><defName>Ant_Digger</defName></li>
		<li><defName>Ant_Empath</defName></li>
		<li><defName>Ant_TunnelGuardian</defName></li>
		<li><defName>Ant_Ranger</defName></li>
		<li><defName>Ant_Warden</defName></li>
		<li><defName>Ant_GeneResearcher</defName></li>
		<li><defName>Ant_Caretaker</defName></li>
		<!--
		<li><defName>Ant_Farmer</defName></li>
		<li><defName>Ant_Artisan</defName></li>
		<li><defName>Ant_Architect</defName></li>
		<li><defName>Ant_Patrol</defName></li>
		-->
	</disallowedTraits>
</AlienRace.BackstoryDef>



<AlienRace.BackstoryDef>
    <defName>Ant_RoyalLarvaBackstory</defName>
    <title>Royal Larva</title>
    <titleShort>Larva</titleShort>
    <baseDescription>[PAWN_nameDef] was a royal larva. Guard her.</baseDescription>
	<bodyTypeGlobal>Female</bodyTypeGlobal>
	<slot>Childhood</slot>
	<spawnCategories>
      <li>Ant_HiveQueenBackstories</li>
    </spawnCategories>
	<maleCommonality>0</maleCommonality>
	<femaleCommonality>100</femaleCommonality>
	<relationSettings>
		<relationChanceModifierLover>0</relationChanceModifierLover>
		<relationChanceModifierExLover>0</relationChanceModifierExLover>
		<relationChanceModifierFiance>0</relationChanceModifierFiance>
		<relationChanceModifierSpouse>0</relationChanceModifierSpouse>
		<relationChanceModifierExSpouse>0</relationChanceModifierExSpouse>
		<relationChanceModifierParent>0</relationChanceModifierParent>
		<relationChanceModifierChild>0</relationChanceModifierChild>
		<relationChanceModifierSibling>0</relationChanceModifierSibling>
    </relationSettings>
	<workAllows>
        <li>Social</li>
		<li>Caring</li>
    </workAllows>
	<forcedTraits>
        <li>
            <defName>Ant_HiveQueenTrait</defName>
            <chance>100</chance>
        </li>
    </forcedTraits>
	<linkedBackstory>Ant_HiveQueenBackstory</linkedBackstory>
</AlienRace.BackstoryDef>



</Defs>