﻿<?xml version="1.0" encoding="utf-8" ?>
<Defs>

<!--
Ant terms:

ergate - worker caste
	Major ergate
	Median ergate
	Minor ergate

Mediae  - forages in leafcutter ants. A worker caste
	Forager

slavemaker
	dulosis  - "slave"

Nanitic worker - small, starved worker. Usually from first brood.
	good replacement for the lowest-tier drone name?

nasutes - specialized termite soldiers

dealate, deleated - a queen that has mated, is missing wings

dinergates - solder with huge head

Phragmotic - solder with huge head, defends nest

replete - ant that is filled with food for others to eat


Workers by size:
	Minim = smallest. Childcare and farming.
	
	Minor - patrol around the hive.

	Mediae - generalized forager
	
	Major - soldier


To look up:
	neotenic

-->

<!-- Farmer: need name, desc -->
<!--
<AlienRace.BackstoryDef>				
    <defName>Ant_Farmer</defName>
    <title>Farmer</title>
    <titleShort>Farmer</titleShort>
    <baseDescription>[PAWN_nameDef] was shaped to be a farmer, providing food for the hive.</baseDescription>
	<slot>Adulthood</slot>
	<bodyTypeGlobal>Male</bodyTypeGlobal>
	<spawnCategories>
      <li>Ant_CivilBackstory</li>
    </spawnCategories>	
	<maleCommonality>100</maleCommonality>
	<femaleCommonality>0</femaleCommonality>
	<skillGains>
      <li>
        <defName>Social</defName>
        <amount>4</amount>
      </li> 
	  <li>
        <defName>Animals</defName>
        <amount>7</amount>
      </li> 
	  <li>
        <defName>Plants</defName>
        <amount>9</amount>
      </li> 
    </skillGains>
	<workDisables>
        <li>Mining</li>
    </workDisables>
	<forcedTraits>
        <li>
            <defName>Ant_Farmer</defName>
            <chance>100</chance>
        </li>
    </forcedTraits>
	<disallowedTraits>
		<li>
            <defName>Greedy</defName>
        </li>
		<li>
            <defName>Jealous</defName>
        </li>
		<li>
            <defName>Pyromaniac</defName>
        </li>
		<li>
            <defName>BodyPurist</defName>
        </li>
		<li>
            <defName>DislikesMen</defName>
        </li>
		<li>
            <defName>DislikesWomen</defName>
        </li>
		<li>
			<defName>DrugDesire</defName>
			<degree>2</degree>
		</li>
		<li>
			<defName>Industriousness</defName>
			<degree>-2</degree>
		</li>
		
		<li><defName>Ant_Digger</defName></li>
		<li><defName>Ant_Empath</defName></li>
		<li><defName>Ant_TunnelGuardian</defName></li>
		<li><defName>Ant_Artisan</defName></li>
		<li><defName>Ant_Architect</defName></li>
		<li><defName>Ant_Ranger</defName></li>
		<li><defName>Ant_Warden</defName></li>
		<li><defName>Ant_GeneResearcher</defName></li>
		<li><defName>Ant_Patrol</defName></li>
		<li><defName>Ant_Caretaker</defName></li>
		<li><defName>Ant_HiveQueenTrait</defName></li>
	</disallowedTraits>

</AlienRace.BackstoryDef>
-->

<!-- Artisan: Weaver? - need name, desc -->
<!--
<AlienRace.BackstoryDef>				
    <defName>Ant_Artisan</defName>
    <title>Artisan</title>
    <titleShort>Artisan</titleShort>
    <baseDescription>[PAWN_nameDef] is an antinium artisan, built to work with his hands</baseDescription>
	<slot>Adulthood</slot>
	<bodyTypeGlobal>Thin</bodyTypeGlobal>
	<spawnCategories>
      <li>Ant_CivilBackstory</li>
    </spawnCategories>	
	<maleCommonality>100</maleCommonality>
	<femaleCommonality>0</femaleCommonality>
	<skillGains>
      <li>
        <defName>Crafting</defName>
        <amount>10</amount>
      </li> 
      <li>
        <defName>Artistic</defName>
        <amount>8</amount>
      </li> 
    </skillGains>
	<workDisables>
        <li>Animals</li>
		<li>Firefighting</li>
    </workDisables>
	<forcedTraits>
        <li>
            <defName>Ant_Artisan</defName>
            <chance>100</chance>
        </li>
    </forcedTraits>
	<disallowedTraits>
		<li>
            <defName>Pyromaniac</defName>
        </li>
		<li>
            <defName>Transhumanist</defName>
        </li>
		<li>
            <defName>DislikesMen</defName>
        </li>
		<li>
            <defName>DislikesWomen</defName>
        </li>
		<li>
            <defName>Gourmand</defName>
        </li>
		<li>
			<defName>DrugDesire</defName>
			<degree>2</degree>
		</li>
		<li>
			<defName>Industriousness</defName>
			<degree>-2</degree>
		</li>
		<li><defName>Ant_Farmer</defName></li>
		<li><defName>Ant_Digger</defName></li>
		<li><defName>Ant_Empath</defName></li>
		<li><defName>Ant_TunnelGuardian</defName></li>

		<li><defName>Ant_Architect</defName></li>
		<li><defName>Ant_Ranger</defName></li>
		<li><defName>Ant_Warden</defName></li>
		<li><defName>Ant_GeneResearcher</defName></li>
		<li><defName>Ant_Patrol</defName></li>
		<li><defName>Ant_Caretaker</defName></li>
		<li><defName>Ant_HiveQueenTrait</defName></li>
	</disallowedTraits>
</AlienRace.BackstoryDef>
-->

<!-- Architect: need name, desc -->
<!--
<AlienRace.BackstoryDef>				
    <defName>Ant_Architect</defName>
    <title>Architect</title>
    <titleShort>Architect</titleShort>
    <baseDescription>[PAWN_nameDef] is an architect, creating and building stuff.</baseDescription>
	<slot>Adulthood</slot>
	<bodyTypeGlobal>Thin</bodyTypeGlobal>
	<spawnCategories>
      <li>Ant_CivilBackstory</li>
	  <li>Ant_SavageBackstory</li>
    </spawnCategories>	
	<maleCommonality>100</maleCommonality>
	<femaleCommonality>0</femaleCommonality>
	<skillGains>
      <li>
        <defName>Construction</defName>
        <amount>10</amount>
      </li> 
	  <li>
        <defName>Intellectual</defName>
        <amount>8</amount>
      </li> 
	  <li>
        <defName>Artistic</defName>
        <amount>8</amount>
      </li> 
    </skillGains>
	<workDisables>
        <li>ManualDumb</li>
    </workDisables>
	<forcedTraits>
        <li>
            <defName>Ant_Architect</defName>
            <chance>100</chance>
        </li>
    </forcedTraits>
	<disallowedTraits>
		<li>
            <defName>Jealous</defName>
        </li>
		<li>
            <defName>Transhumanist</defName>
        </li>
		<li>
            <defName>BodyPurist</defName>
        </li>
		<li>
            <defName>DislikesMen</defName>
        </li>
		<li>
            <defName>DislikesWomen</defName>
        </li>
		<li>
            <defName>Gourmand</defName>
        </li>
		<li>
			<defName>DrugDesire</defName>
			<degree>2</degree>
		</li>
		<li>
			<defName>Industriousness</defName>
			<degree>-2</degree>
		</li>
		<li><defName>Ant_Farmer</defName></li>
		<li><defName>Ant_Digger</defName></li>
		<li><defName>Ant_Empath</defName></li>
		<li><defName>Ant_TunnelGuardian</defName></li>
		<li><defName>Ant_Artisan</defName></li>
		<li><defName>Ant_Ranger</defName></li>
		<li><defName>Ant_Warden</defName></li>
		<li><defName>Ant_GeneResearcher</defName></li>
		<li><defName>Ant_Patrol</defName></li>
		<li><defName>Ant_Caretaker</defName></li>
		<li><defName>Ant_HiveQueenTrait</defName></li>
	</disallowedTraits>
</AlienRace.BackstoryDef>
-->


<!-- Patrol: dinergate? need name, desc -->
<!--
<AlienRace.BackstoryDef>				
    <defName>Ant_Patrol</defName>
    <title>Patrol</title>
    <titleShort>Patrol</titleShort>
    <baseDescription>[PAWN_nameDef] patrols for problems, repairing fortifications and fighting from behind them.</baseDescription>
	<slot>Adulthood</slot>
	<bodyTypeGlobal>Male</bodyTypeGlobal>
	<spawnCategories>
	  <li>Ant_SavageBackstory</li>
    </spawnCategories>	
	<maleCommonality>100</maleCommonality>
	<femaleCommonality>0</femaleCommonality>
	<skillGains>
	  <li>
        <defName>Shooting</defName>
        <amount>8</amount>
      </li> 
	  <li>
        <defName>Construction</defName>
        <amount>10</amount>
      </li>
    </skillGains>
	<workDisables>
        <li>Cooking</li>
		<li>Artistic</li>
    </workDisables>
	
	<forcedTraits>
        <li>
            <defName>Ant_Patrol</defName>
            <chance>100</chance>
        </li>
    </forcedTraits>
	<disallowedTraits>
		<li>
            <defName>Greedy</defName>
        </li>
		<li>
            <defName>Jealous</defName>
        </li>
		<li>
            <defName>Pyromaniac</defName>
        </li>
		<li>
            <defName>DislikesMen</defName>
        </li>
		<li>
            <defName>Gourmand</defName>
        </li>
		<li>
			<defName>DrugDesire</defName>
			<degree>2</degree>
		</li>
		<li>
			<defName>Industriousness</defName>
			<degree>-2</degree>
		</li>
		<li><defName>Ant_Farmer</defName></li>
		<li><defName>Ant_Digger</defName></li>
		<li><defName>Ant_Empath</defName></li>
		<li><defName>Ant_TunnelGuardian</defName></li>
		<li><defName>Ant_Artisan</defName></li>
		<li><defName>Ant_Architect</defName></li>
		<li><defName>Ant_Ranger</defName></li>
		<li><defName>Ant_Warden</defName></li>
		<li><defName>Ant_GeneResearcher</defName></li>

		<li><defName>Ant_Caretaker</defName></li>
		<li><defName>Ant_HiveQueenTrait</defName></li>
	</disallowedTraits>
</AlienRace.BackstoryDef>
-->



<!-- ===================================== DONE ===================================== -->


<AlienRace.BackstoryDef>				<!-- Ranger -->			
    <defName>Ant_Ranger</defName>
    <title>Ranger</title>
    <titleShort>Ranger</titleShort>
    <baseDescription>[PAWN_nameDef] likes spending time outdoors and is quite good at living on [PAWN_possessive] own for a time.</baseDescription>
	<slot>Adulthood</slot>
	<bodyTypeGlobal>Male</bodyTypeGlobal>
	<spawnCategories>
	  <li>Ant_SavageBackstory</li>
    </spawnCategories>	
	<maleCommonality>100</maleCommonality>
	<femaleCommonality>0</femaleCommonality>
	<skillGains>
      <li>
        <defName>Shooting</defName>
        <amount>9</amount>
      </li> 
	  <li>
        <defName>Cooking</defName>
        <amount>5</amount>
      </li>
	  <li>
        <defName>Mining</defName>
        <amount>8</amount>
      </li>
	  <li>
        <defName>Social</defName>
        <amount>-4</amount>
      </li>
    </skillGains>
	<workDisables>
        <li>Crafting</li>
		<li>Caring</li>
    </workDisables>
	<forcedTraits>
        <li>
            <defName>Ant_Ranger</defName>
            <chance>100</chance>
        </li>
    </forcedTraits>
	<disallowedTraits>
		<li>
            <defName>Undergrounder</defName>
        </li>
		<li>
            <defName>Greedy</defName>
        </li>
		<li>
            <defName>Jealous</defName>
        </li>
		<li>
            <defName>Pyromaniac</defName>
        </li>
		<li>
            <defName>BodyPurist</defName>
        </li>
		<li>
            <defName>Gourmand</defName>
        </li>
		<li>
			<defName>DrugDesire</defName>
			<degree>2</degree>
		</li>
		<li>
			<defName>Industriousness</defName>
			<degree>-2</degree>
		</li>
		<!--
		<li><defName>Ant_Farmer</defName></li>
		<li><defName>Ant_Artisan</defName></li>
		<li><defName>Ant_Architect</defName></li>
		<li><defName>Ant_Patrol</defName></li>
		-->
		<li><defName>Ant_Digger</defName></li>
		<li><defName>Ant_Empath</defName></li>
		<li><defName>Ant_TunnelGuardian</defName></li>
		<li><defName>Ant_Warden</defName></li>
		<li><defName>Ant_GeneResearcher</defName></li>
		<li><defName>Ant_Caretaker</defName></li>
		<li><defName>Ant_HiveQueenTrait</defName></li>
	</disallowedTraits>
</AlienRace.BackstoryDef>


<AlienRace.BackstoryDef>				<!-- Digger -->
    <defName>Ant_Digger</defName>
    <title>Digger</title>
    <titleShort>Digger</titleShort>
    <baseDescription>[PAWN_nameDef] was created to mine new tunnels and till soil-- and to deal with pests.</baseDescription>
	<slot>Adulthood</slot>
	<bodyTypeGlobal>Male</bodyTypeGlobal>
	<spawnCategories>
      <li>Ant_CivilBackstory</li>
	  <li>Ant_SavageBackstory</li>
    </spawnCategories>	
	<maleCommonality>100</maleCommonality>
	<femaleCommonality>0</femaleCommonality>
	<skillGains>
      <li>
        <defName>Melee</defName>
        <amount>8</amount>
      </li>
	  <li>
        <defName>Mining</defName>
        <amount>10</amount>
      </li> 
	  <li>
        <defName>Plants</defName>
        <amount>6</amount>
      </li>
    </skillGains>
	<workDisables>
        <li>Caring</li>
		<li>Social</li>
		<li>Intellectual</li>
    </workDisables>
	<forcedTraits>
        <li>
            <defName>Ant_Digger</defName>
            <chance>100</chance>
        </li>
    </forcedTraits>
	<disallowedTraits>
		<li>
            <defName>Jealous</defName>
        </li>
		<li>
            <defName>Pyromaniac</defName>
        </li>
		<li>
            <defName>Transhumanist</defName>
        </li>
		<li>
            <defName>BodyPurist</defName>
        </li>
		<li>
            <defName>DislikesMen</defName>
        </li>
		<li>
            <defName>DislikesWomen</defName>
        </li>
		<li>
            <defName>Gourmand</defName>
        </li>
		<!--
		<li><defName>Ant_Farmer</defName></li>
		<li><defName>Ant_Artisan</defName></li>
		<li><defName>Ant_Architect</defName></li>
		<li><defName>Ant_Patrol</defName></li>
		-->
		<li><defName>Ant_Empath</defName></li>
		<li><defName>Ant_TunnelGuardian</defName></li>
		<li><defName>Ant_Ranger</defName></li>
		<li><defName>Ant_Warden</defName></li>
		<li><defName>Ant_GeneResearcher</defName></li>
		<li><defName>Ant_Caretaker</defName></li>
		<li><defName>Ant_HiveQueenTrait</defName></li>
	</disallowedTraits>

</AlienRace.BackstoryDef>


<AlienRace.BackstoryDef>				<!-- Nurturing: Caretaker -->
    <defName>Ant_Caretaker</defName>
    <title>Caretaker</title>
    <titleShort>Nurturing</titleShort>
    <baseDescription>[PAWN_nameDef] has a nurturing nature. [PAWN_pronoun] takes care of the people and plants growing in [PAWN_possessive] hive.</baseDescription>
	<slot>Adulthood</slot>
	<bodyTypeGlobal>Thin</bodyTypeGlobal>
	<spawnCategories>
      <li>Ant_CivilBackstory</li>
    </spawnCategories>	
	<maleCommonality>100</maleCommonality>
	<femaleCommonality>0</femaleCommonality>
	<skillGains>
	  <li>
        <defName>Social</defName>
        <amount>10</amount>
      </li>
      <li>
        <defName>Plants</defName>
        <amount>8</amount>
      </li> 
	  <li>
        <defName>Crafting</defName>
        <amount>3</amount>
      </li>
    </skillGains>
	<workDisables>
		<li>Mining</li>
		<li>ManualDumb</li>
    </workDisables>
	<forcedTraits>
        <li>
            <defName>Ant_Caretaker</defName>
            <chance>100</chance>
        </li>
    </forcedTraits>
	<disallowedTraits>
		<li>
            <defName>Greedy</defName>
        </li>
		<li>
            <defName>Jealous</defName>
        </li>
		<li>
            <defName>Pyromaniac</defName>
        </li>
		<li>
            <defName>Transhumanist</defName>
        </li>
		<li>
            <defName>DislikesMen</defName>
        </li>
		<li>
            <defName>DislikesWomen</defName>
        </li>
			<li>
			<defName>DrugDesire</defName>
			<degree>2</degree>
		</li>
		<!--
		<li><defName>Ant_Farmer</defName></li>
		<li><defName>Ant_Artisan</defName></li>
		<li><defName>Ant_Architect</defName></li>
		<li><defName>Ant_Patrol</defName></li>
		-->

		<li><defName>Ant_Digger</defName></li>
		<li><defName>Ant_Empath</defName></li>
		<li><defName>Ant_TunnelGuardian</defName></li>
		<li><defName>Ant_Ranger</defName></li>
		<li><defName>Ant_Warden</defName></li>
		<li><defName>Ant_GeneResearcher</defName></li>
		<li><defName>Ant_HiveQueenTrait</defName></li>
	</disallowedTraits>
</AlienRace.BackstoryDef>


<AlienRace.BackstoryDef>				<!-- Warden: Slave-maker -->
    <defName>Ant_Warden</defName>
    <title>Slave-maker</title>
    <titleShort>Slave-maker</titleShort>
    <baseDescription>[PAWN_nameDef] recruits new workers for the hive, willingly or otherwise.</baseDescription>
	<slot>Adulthood</slot>
	<bodyTypeGlobal>Hulk</bodyTypeGlobal>
	<spawnCategories>
      <li>Ant_CivilBackstory</li>
	  <li>Ant_SavageBackstory</li>
    </spawnCategories>	
	<maleCommonality>100</maleCommonality>
	<femaleCommonality>0</femaleCommonality>
	<skillGains>
	  <li>
        <defName>Melee</defName>
        <amount>6</amount>
      </li> 
	  <li>
        <defName>Medicine</defName>
        <amount>9</amount>
      </li>
	  <li>
        <defName>Social</defName>
        <amount>10</amount>
      </li>
    </skillGains>
	<workDisables>
        <li>PlantWork</li>
		<li>Cooking</li>
		<li>Crafting</li>
    </workDisables>
	
	<forcedTraits>
        <li>
            <defName>Ant_Warden</defName>
            <chance>100</chance>
        </li>
		<li>
			<defName>NightOwl</defName>
			<chance>25</chance>
		</li>
    </forcedTraits>
	<disallowedTraits>
		<li>
            <defName>Greedy</defName>
        </li>
		<li>
            <defName>Jealous</defName>
        </li>
		<li>
            <defName>Pyromaniac</defName>
        </li>
		<li>
            <defName>Transhumanist</defName>
        </li>
		<li>
            <defName>BodyPurist</defName>
        </li>
		<li>
            <defName>Gourmand</defName>
        </li>
		<li>
			<defName>DrugDesire</defName>
			<degree>2</degree>
		</li>
		<!--
		<li><defName>Ant_Farmer</defName></li>
		<li><defName>Ant_Artisan</defName></li>
		<li><defName>Ant_Architect</defName></li>
		<li><defName>Ant_Patrol</defName></li>
		-->

		<li><defName>Ant_Digger</defName></li>
		<li><defName>Ant_Empath</defName></li>
		<li><defName>Ant_TunnelGuardian</defName></li>
		<li><defName>Ant_Ranger</defName></li>
		<li><defName>Ant_GeneResearcher</defName></li>
		<li><defName>Ant_Caretaker</defName></li>
		<li><defName>Ant_HiveQueenTrait</defName></li>
	</disallowedTraits>
</AlienRace.BackstoryDef>


<AlienRace.BackstoryDef>				<!-- Genetic Researcher -->
    <defName>Ant_GeneResearcher</defName>
    <title>Genetic Researcher</title>
    <titleShort>Geneticist</titleShort>
    <baseDescription>[PAWN_nameDef] takes creatures apart to learn how they work. Sometimes [PAWN_pronoun] puts them back together, too.</baseDescription>
	<slot>Adulthood</slot>
	<bodyTypeGlobal>Thin</bodyTypeGlobal>
	<spawnCategories>
	  <li>Ant_SavageBackstory</li>
    </spawnCategories>	
	<maleCommonality>100</maleCommonality>
	<femaleCommonality>0</femaleCommonality>
	<skillGains>
      <li>
        <defName>Medicine</defName>
        <amount>8</amount>
      </li> 
	  <li>
        <defName>Cooking</defName>
        <amount>4</amount>
      </li>
	  <li>
        <defName>Intellectual</defName>
        <amount>10</amount>
      </li>
    </skillGains>
	
	<workDisables>
        <li>Social</li>
		<li>Mining</li>
		<li>ManualDumb</li>
    </workDisables>
	
	<forcedTraits>
        <li>
            <defName>Ant_GeneResearcher</defName>
            <chance>100</chance>
        </li>
    </forcedTraits>
	<disallowedTraits>
		<li>
            <defName>Jealous</defName>
        </li>
		<li>
            <defName>Transhumanist</defName>
        </li>
		<li>
            <defName>BodyPurist</defName>
        </li>
		<li>
            <defName>Gourmand</defName>
        </li>
		<li>
			<defName>DrugDesire</defName>
			<degree>2</degree>
		</li>
		<li>
			<defName>Industriousness</defName>
			<degree>-2</degree>
		</li>
		<!--
		<li><defName>Ant_Farmer</defName></li>
		<li><defName>Ant_Artisan</defName></li>
		<li><defName>Ant_Architect</defName></li>
		<li><defName>Ant_Patrol</defName></li>
		-->

		<li><defName>Ant_Digger</defName></li>
		<li><defName>Ant_Empath</defName></li>
		<li><defName>Ant_TunnelGuardian</defName></li>
		<li><defName>Ant_Ranger</defName></li>
		<li><defName>Ant_Warden</defName></li>
		<li><defName>Ant_Caretaker</defName></li>
		<li><defName>Ant_HiveQueenTrait</defName></li>
	</disallowedTraits>
</AlienRace.BackstoryDef>


<AlienRace.BackstoryDef>				<!-- Empath: Euonium -->
    <defName>Ant_Empath</defName>
    <title>Euonium</title>
    <titleShort>Euonium</titleShort>
    <baseDescription>[PAWN_nameDef] is in tune with the people and animals around [PAWN_objective].</baseDescription>
	<slot>Adulthood</slot>
	<bodyTypeGlobal>Thin</bodyTypeGlobal>
	<spawnCategories>
      <li>Ant_CivilBackstory</li>
    </spawnCategories>	
	<maleCommonality>100</maleCommonality>
	<femaleCommonality>0</femaleCommonality>
	<skillGains>
      <li>
        <defName>Social</defName>
        <amount>10</amount>
      </li> 
	  <li>
        <defName>Animals</defName>
        <amount>8</amount>
      </li> 
	  <li>
        <defName>Artistic</defName>
        <amount>7</amount>
      </li> 
    </skillGains>
	<workDisables>
        <li>Violent</li>
    </workDisables>
	
	<forcedTraits>
        <li>
            <defName>Ant_Empath</defName>
            <chance>100</chance>
        </li>
    </forcedTraits>
	<disallowedTraits>
		<li>
            <defName>Greedy</defName>
        </li>
		<li>
            <defName>Jealous</defName>
        </li>
		<li>
            <defName>Transhumanist</defName>
        </li>
		<li>
            <defName>DislikesMen</defName>
        </li>
		<li>
            <defName>DislikesWomen</defName>
        </li>
		<li>
            <defName>Gourmand</defName>
        </li>
		<li>
			<defName>Industriousness</defName>
			<degree>-2</degree>
		</li>
		<!--
		<li><defName>Ant_Farmer</defName></li>
		<li><defName>Ant_Artisan</defName></li>
		<li><defName>Ant_Architect</defName></li>
		<li><defName>Ant_Patrol</defName></li>
		-->
		<li><defName>Ant_Digger</defName></li>
		<li><defName>Ant_TunnelGuardian</defName></li>
		<li><defName>Ant_Ranger</defName></li>
		<li><defName>Ant_Warden</defName></li>
		<li><defName>Ant_GeneResearcher</defName></li>
		<li><defName>Ant_Caretaker</defName></li>
		<li><defName>Ant_HiveQueenTrait</defName></li>
	</disallowedTraits>
</AlienRace.BackstoryDef>


<AlienRace.BackstoryDef>				<!-- Tunnel Guardian -->
    <defName>Ant_TunnelGuardian</defName>
    <title>Tunnel Guardian</title>
    <titleShort>Guardian</titleShort>
    <baseDescription>[PAWN_nameDef] digs tunnels and protects those who live inside.</baseDescription>
	<slot>Adulthood</slot>
	<bodyTypeGlobal>Male</bodyTypeGlobal>
	<spawnCategories>
      <li>Ant_CivilBackstory</li>
	  <li>Ant_SavageBackstory</li>
    </spawnCategories>	
	<maleCommonality>100</maleCommonality>
	<femaleCommonality>0</femaleCommonality>
	<skillGains>
      <li>
        <defName>Medicine</defName>
        <amount>6</amount>
      </li> 
	  <li>
        <defName>Melee</defName>
        <amount>10</amount>
      </li> 
	  <li>
        <defName>Mining</defName>
        <amount>10</amount>
      </li> 
    </skillGains>
	<workDisables>
        <li>Crafting</li>
		<li>Artistic</li>
    </workDisables>
	<forcedTraits>
        <li>
            <defName>Ant_TunnelGuardian</defName>
            <chance>100</chance>
        </li>
		<li>
            <defName>Tough</defName>
            <chance>40</chance>
        </li>
    </forcedTraits>
	<disallowedTraits>
		<li>
            <defName>Jealous</defName>
        </li>
		<li>
            <defName>Pyromaniac</defName>
        </li>
		<li>
            <defName>DislikesMen</defName>
        </li>
		<li>
            <defName>DislikesWomen</defName>
        </li>
		<li>
            <defName>Gourmand</defName>
        </li>
		<li>
			<defName>DrugDesire</defName>
			<degree>2</degree>
		</li>
		<li>
			<defName>Industriousness</defName>
			<degree>-2</degree>
		</li>
		<!--
		<li><defName>Ant_Farmer</defName></li>
		<li><defName>Ant_Artisan</defName></li>
		<li><defName>Ant_Architect</defName></li>
		<li><defName>Ant_Patrol</defName></li>
		-->
		<li><defName>Ant_Digger</defName></li>
		<li><defName>Ant_Empath</defName></li>
		<li><defName>Ant_Ranger</defName></li>
		<li><defName>Ant_Warden</defName></li>
		<li><defName>Ant_GeneResearcher</defName></li>
		<li><defName>Ant_Caretaker</defName></li>
		<li><defName>Ant_HiveQueenTrait</defName></li>
	</disallowedTraits>
</AlienRace.BackstoryDef>



</Defs>