﻿<?xml version="1.0" encoding="utf-8" ?>
<Defs>


<AlienRace.BackstoryDef>
    <defName>Ant_SilentAntinium</defName>
    <title>Silent Antinium</title>
    <titleShort>Silent</titleShort>
    <baseDescription>[PAWN_nameDef] was trained in the ways of old, a silent and deadly assassin.</baseDescription>
	<bodyTypeGlobal>Male</bodyTypeGlobal>
	<slot>Adulthood</slot>
	<spawnCategories>
      <li>Ant_AntiniumBackstory</li>
    </spawnCategories>
	<skillGains>
      <li>
        <defName>Shooting</defName>
        <amount>8</amount>
      </li>
	  <li>
        <defName>Melee</defName>
        <amount>8</amount>
      </li>
	  <li>
        <defName>Medicine</defName>
        <amount>-2</amount>
      </li>
    </skillGains>
	<workDisables>
        <li>Artistic</li>
		<li>Social</li> 
		<li>Cooking</li>
		<li>PlantWork</li>
		<li>Intellectual</li>
		<li>Crafting</li>
    </workDisables>
	<forcedTraits>
        <li>
            <defName>Tough</defName>
            <chance>50</chance>
        </li>
    </forcedTraits>
	<disallowedTraits>
        <li>
            <defName>Kind</defName>
        </li>
		<li><defName>Ant_GenTwoSoldier</defName></li>
		<li><defName>Ant_GenTwoFarmer</defName></li>
		<li><defName>Ant_GenTwoDigger</defName></li>
		<li><defName>Ant_GenTwoEmpath</defName></li>
		<li><defName>Ant_GenTwoTunnelGuardian</defName></li>
		<li><defName>Ant_GenTwoArtisan</defName></li>
		<li><defName>Ant_GenTwoArchitect</defName></li>
		<li><defName>Ant_GenTwoMountaineer</defName></li>
		<li><defName>Ant_GenTwoWarden</defName></li>
		<li><defName>Ant_GenTwoMadScientist</defName></li>
		<li><defName>Ant_GenTwoPatrol</defName></li>
		<li><defName>Ant_GenTwoNurturing</defName></li>
		<li><defName>Ant_HiveQueenTrait</defName></li>
    </disallowedTraits>
</AlienRace.BackstoryDef>

<AlienRace.BackstoryDef>
    <defName>Ant_AntiniumSoldier</defName>
    <title>Antinium Soldier</title>
    <titleShort>Soldier</titleShort>
    <baseDescription>[PAWN_nameDef] served [PAWN_possessive] hive by fighting on the front lines.</baseDescription>
	<bodyTypeGlobal>Hulk</bodyTypeGlobal>
	<slot>Adulthood</slot>
	<spawnCategories>
      <li>Ant_AntiniumBackstory</li>
    </spawnCategories>
	<skillGains>
      <li>
        <defName>Melee</defName>
        <amount>8</amount>
      </li>
	  <li>
        <defName>Shooting</defName>
        <amount>4</amount>
      </li>
	  <li>
        <defName>Plants</defName>
        <amount>-3</amount>
      </li>
	  	  <li>
        <defName>Cooking</defName>
        <amount>-3</amount>
      </li>
    </skillGains>
	<workDisables>
        <li>Artistic</li>
		<li>Crafting</li>
		<li>Social</li>
		<li>Intellectual</li>
    </workDisables>
	<forcedTraits>
        <li>
            <defName>Tough</defName>
            <chance>35</chance>
        </li>
        <li>
            <defName>Nimble</defName>
            <chance>30</chance>
        </li>
    </forcedTraits>
	<disallowedTraits>
        <li>
            <defName>Kind</defName>
        </li>
		<li>
            <defName>Wimp</defName>
        </li>
		<li><defName>Ant_GenTwoSoldier</defName></li>
		<li><defName>Ant_GenTwoFarmer</defName></li>
		<li><defName>Ant_GenTwoDigger</defName></li>
		<li><defName>Ant_GenTwoEmpath</defName></li>
		<li><defName>Ant_GenTwoTunnelGuardian</defName></li>
		<li><defName>Ant_GenTwoArtisan</defName></li>
		<li><defName>Ant_GenTwoArchitect</defName></li>
		<li><defName>Ant_GenTwoMountaineer</defName></li>
		<li><defName>Ant_GenTwoWarden</defName></li>
		<li><defName>Ant_GenTwoMadScientist</defName></li>
		<li><defName>Ant_GenTwoPatrol</defName></li>
		<li><defName>Ant_GenTwoNurturing</defName></li>
		<li><defName>Ant_HiveQueenTrait</defName></li>
    </disallowedTraits>
</AlienRace.BackstoryDef>

<AlienRace.BackstoryDef>
    <defName>Ant_WorkerDrone</defName>
    <title>Worker Drone</title>
    <titleShort>Worker</titleShort>
    <baseDescription>[PAWN_nameDef] does manual labor for [PAWN_possessive] hive</baseDescription>
	<bodyTypeGlobal>Male</bodyTypeGlobal>
	<slot>Adulthood</slot>
	<spawnCategories>
      <li>Ant_AntiniumBackstory</li>
    </spawnCategories>
	<skillGains>
      <li>
        <defName>Mining</defName>
        <amount>4</amount>
      </li>
	  <li>
        <defName>Construction</defName>
        <amount>5</amount>
      </li>
	  <li>
        <defName>Crafting</defName>
        <amount>2</amount>
      </li>
		<li>
        <defName>Intellectual</defName>
        <amount>-6</amount>
      </li>
	  <li>
        <defName>Artistic</defName>
        <amount>-3</amount>
      </li>
    </skillGains>
	<forcedTraits>
        <li>
            <defName>Undergrounder</defName>
            <chance>40</chance>
        </li>
    </forcedTraits>
	<disallowedTraits>
		<li><defName>Ant_GenTwoSoldier</defName></li>
		<li><defName>Ant_GenTwoFarmer</defName></li>
		<li><defName>Ant_GenTwoDigger</defName></li>
		<li><defName>Ant_GenTwoEmpath</defName></li>
		<li><defName>Ant_GenTwoTunnelGuardian</defName></li>
		<li><defName>Ant_GenTwoArtisan</defName></li>
		<li><defName>Ant_GenTwoArchitect</defName></li>
		<li><defName>Ant_GenTwoMountaineer</defName></li>
		<li><defName>Ant_GenTwoWarden</defName></li>
		<li><defName>Ant_GenTwoMadScientist</defName></li>
		<li><defName>Ant_GenTwoPatrol</defName></li>
		<li><defName>Ant_GenTwoNurturing</defName></li>
		<li><defName>Ant_HiveQueenTrait</defName></li>
	</disallowedTraits>
</AlienRace.BackstoryDef>

<AlienRace.BackstoryDef>
    <defName>Ant_Drone</defName>
    <title>Drone</title>
    <titleShort>Drone</titleShort>
    <baseDescription>[PAWN_nameDef] does manual labor for [PAWN_possessive] hive</baseDescription>
	<bodyTypeGlobal>Male</bodyTypeGlobal>
	<slot>Adulthood</slot>
	<spawnCategories>
      <li>Ant_AntiniumBackstory</li>
    </spawnCategories>
	<skillGains>
      <li>
        <defName>Mining</defName>
        <amount>2</amount>
      </li>
	  <li>
        <defName>Construction</defName>
        <amount>2</amount>
      </li>
		<li>
        <defName>Social</defName>
        <amount>-4</amount>
      </li>
	  <li>
        <defName>Melee</defName>
        <amount>3</amount>
      </li>
    </skillGains>
	<workDisables>
        <li>Artistic</li>
		<li>Animals</li>
		<li>Caring</li>
		<li>Intellectual</li>
    </workDisables>
	<forcedTraits>
        <li>
            <defName>Undergrounder</defName>
            <chance>40</chance>
        </li>
    </forcedTraits>
	<disallowedTraits>
		<li><defName>Ant_GenTwoSoldier</defName></li>
		<li><defName>Ant_GenTwoFarmer</defName></li>
		<li><defName>Ant_GenTwoDigger</defName></li>
		<li><defName>Ant_GenTwoEmpath</defName></li>
		<li><defName>Ant_GenTwoTunnelGuardian</defName></li>
		<li><defName>Ant_GenTwoArtisan</defName></li>
		<li><defName>Ant_GenTwoArchitect</defName></li>
		<li><defName>Ant_GenTwoMountaineer</defName></li>
		<li><defName>Ant_GenTwoWarden</defName></li>
		<li><defName>Ant_GenTwoMadScientist</defName></li>
		<li><defName>Ant_GenTwoPatrol</defName></li>
		<li><defName>Ant_GenTwoNurturing</defName></li>
		<li><defName>Ant_HiveQueenTrait</defName></li>
	</disallowedTraits>
</AlienRace.BackstoryDef>

<AlienRace.BackstoryDef>
    <defName>Ant_TwistedAntinium</defName>
    <title>Twisted Antinium</title>
    <titleShort>Twisted</titleShort>
    <baseDescription>[PAWN_nameDef] focuses on biological experiments.</baseDescription>
	<bodyTypeGlobal>Thin</bodyTypeGlobal>
	<slot>Adulthood</slot>
	<spawnCategories>
      <li>Ant_AntiniumBackstory</li>
    </spawnCategories>
	<skillGains>
      <li>
        <defName>Animals</defName>
        <amount>3</amount>
      </li>
	  <li>
        <defName>Intellectual</defName>
        <amount>8</amount>
      </li>
	  <li>
        <defName>Medicine</defName>
        <amount>10</amount>
      </li>
    </skillGains>
	<workDisables>
        <li>ManualDumb</li>
		<li>Mining</li>
		<li>PlantWork</li>
    </workDisables>
	<forcedTraits>
        <li>
            <defName>Wimp</defName>
            <chance>30</chance>
        </li>
		<li>
            <defName>Immunity</defName>
			<degree>-1</degree>
            <chance>30</chance>
        </li>
		<li>
            <defName>Psychopath</defName>
            <chance>30</chance>
        </li>
    </forcedTraits>
	<disallowedTraits>
        <li>
            <defName>Bloodlust</defName>
        </li>
		<li><defName>Ant_GenTwoSoldier</defName></li>
		<li><defName>Ant_GenTwoFarmer</defName></li>
		<li><defName>Ant_GenTwoDigger</defName></li>
		<li><defName>Ant_GenTwoEmpath</defName></li>
		<li><defName>Ant_GenTwoTunnelGuardian</defName></li>
		<li><defName>Ant_GenTwoArtisan</defName></li>
		<li><defName>Ant_GenTwoArchitect</defName></li>
		<li><defName>Ant_GenTwoMountaineer</defName></li>
		<li><defName>Ant_GenTwoWarden</defName></li>
		<li><defName>Ant_GenTwoMadScientist</defName></li>
		<li><defName>Ant_GenTwoPatrol</defName></li>
		<li><defName>Ant_GenTwoNurturing</defName></li>
		<li><defName>Ant_HiveQueenTrait</defName></li>
	</disallowedTraits>
</AlienRace.BackstoryDef>

<AlienRace.BackstoryDef>
    <defName>Ant_FlyingAntinium</defName>
    <title>Flying Antinium</title>
    <titleShort>Flying</titleShort>
    <baseDescription>Flying antinium</baseDescription>
	<bodyTypeGlobal>Thin</bodyTypeGlobal>
	<slot>Adulthood</slot>
	<spawnCategories>
      <li>Ant_AntiniumBackstory</li>
    </spawnCategories>
	<skillGains>
      <li>
        <defName>Shooting</defName>
        <amount>7</amount>
      </li>
	  <li>
        <defName>Medicine</defName>
        <amount>3</amount>
      </li>
	  <li>
        <defName>Plants</defName>
        <amount>3</amount>
      </li>
	  <li>
        <defName>Melee</defName>
        <amount>3</amount>
      </li>
    </skillGains>
	<forcedTraits>
        <li>
            <defName>SpeedOffset</defName>
			<degree>2</degree>
            <chance>40</chance>
        </li>
		<li>
            <defName>Bloodlust</defName>
			<chance>20</chance>
        </li>
    </forcedTraits>
	<disallowedTraits>
		<li><defName>Ant_GenTwoSoldier</defName></li>
		<li><defName>Ant_GenTwoFarmer</defName></li>
		<li><defName>Ant_GenTwoDigger</defName></li>
		<li><defName>Ant_GenTwoEmpath</defName></li>
		<li><defName>Ant_GenTwoTunnelGuardian</defName></li>
		<li><defName>Ant_GenTwoArtisan</defName></li>
		<li><defName>Ant_GenTwoArchitect</defName></li>
		<li><defName>Ant_GenTwoMountaineer</defName></li>
		<li><defName>Ant_GenTwoWarden</defName></li>
		<li><defName>Ant_GenTwoMadScientist</defName></li>
		<li><defName>Ant_GenTwoPatrol</defName></li>
		<li><defName>Ant_GenTwoNurturing</defName></li>
		<li><defName>Ant_HiveQueenTrait</defName></li>
	</disallowedTraits>
</AlienRace.BackstoryDef>

<AlienRace.BackstoryDef>
    <defName>Ant_PaintedSoldier</defName>
    <title>Painted Soldier</title>
    <titleShort>Soldier</titleShort>
    <baseDescription>[PAWN_nameDef] is a Painted Soldier. Focosed on melee, but also capable of individual thought.</baseDescription>
	<bodyTypeGlobal>Hulk</bodyTypeGlobal>
	<slot>Adulthood</slot>
	<spawnCategories>
      <li>Ant_AntiniumBackstory</li>
    </spawnCategories>
	<skillGains>
      <li>
        <defName>Melee</defName>
        <amount>10</amount>
      </li>
	  <li>
        <defName>Artistic</defName>
        <amount>7</amount>
      </li>
	  <li>
        <defName>Construction</defName>
        <amount>-2</amount>
      </li>
    </skillGains>
	<workDisables>
        <li>Social</li>
		<li>Caring</li>
    </workDisables>
	<forcedTraits>
        <li>
            <defName>Undergrounder</defName>
            <chance>20</chance>
        </li>
    </forcedTraits>
	<disallowedTraits>
        <li>
            <defName>Wimp</defName>
        </li>
		<li><defName>Ant_GenTwoSoldier</defName></li>
		<li><defName>Ant_GenTwoFarmer</defName></li>
		<li><defName>Ant_GenTwoDigger</defName></li>
		<li><defName>Ant_GenTwoEmpath</defName></li>
		<li><defName>Ant_GenTwoTunnelGuardian</defName></li>
		<li><defName>Ant_GenTwoArtisan</defName></li>
		<li><defName>Ant_GenTwoArchitect</defName></li>
		<li><defName>Ant_GenTwoMountaineer</defName></li>
		<li><defName>Ant_GenTwoWarden</defName></li>
		<li><defName>Ant_GenTwoMadScientist</defName></li>
		<li><defName>Ant_GenTwoPatrol</defName></li>
		<li><defName>Ant_GenTwoNurturing</defName></li>
		<li><defName>Ant_HiveQueenTrait</defName></li>
    </disallowedTraits>
</AlienRace.BackstoryDef>

<AlienRace.BackstoryDef>
    <defName>Ant_AntiniumIndividual</defName>
    <title>Individual Antinium</title>
    <titleShort>Individual</titleShort>
    <baseDescription>[PAWN_nameDef] is a full individual, able to think for [PAWN_pronoun]self outside of the structure of [PAWN_possessive] hive.</baseDescription>
	<bodyTypeGlobal>Male</bodyTypeGlobal>
	<slot>Adulthood</slot>
	<spawnCategories>
      <li>Ant_AntiniumBackstory</li>
    </spawnCategories>
	<skillGains>
      <li>
        <defName>Artistic</defName>
        <amount>7</amount>
      </li>
	  <li>
        <defName>Social</defName>
        <amount>6</amount>
      </li>
	  <li>
        <defName>Intellectual</defName>
        <amount>6</amount>
      </li>
	  	  <li>
        <defName>Melee</defName>
        <amount>-3</amount>
      </li>
    </skillGains>
	<disallowedTraits>
		<li><defName>Ant_GenTwoSoldier</defName></li>
		<li><defName>Ant_GenTwoFarmer</defName></li>
		<li><defName>Ant_GenTwoDigger</defName></li>
		<li><defName>Ant_GenTwoEmpath</defName></li>
		<li><defName>Ant_GenTwoTunnelGuardian</defName></li>
		<li><defName>Ant_GenTwoArtisan</defName></li>
		<li><defName>Ant_GenTwoArchitect</defName></li>
		<li><defName>Ant_GenTwoMountaineer</defName></li>
		<li><defName>Ant_GenTwoWarden</defName></li>
		<li><defName>Ant_GenTwoMadScientist</defName></li>
		<li><defName>Ant_GenTwoPatrol</defName></li>
		<li><defName>Ant_GenTwoNurturing</defName></li>
		<li><defName>Ant_HiveQueenTrait</defName></li>
	</disallowedTraits>
</AlienRace.BackstoryDef>

<AlienRace.BackstoryDef>
    <defName>Ant_AutonomousAntinium</defName>
    <title>Autonomous Antinium</title>
    <titleShort>Autonomous</titleShort>
    <baseDescription>[PAWN_nameDef] is a not quite a full individual, but has started to be able to think for [PAWN_pronoun]self outside of the structure of [PAWN_possessive] hive.</baseDescription>
	<bodyTypeGlobal>Male</bodyTypeGlobal>
	<slot>Adulthood</slot>
	<spawnCategories>
      <li>Ant_AntiniumBackstory</li>
    </spawnCategories>
	<skillGains>
      <li>
        <defName>Artistic</defName>
        <amount>3</amount>
      </li>
	  <li>
        <defName>Social</defName>
        <amount>4</amount>
      </li>
	  <li>
        <defName>Intellectual</defName>
        <amount>4</amount>
      </li>
    </skillGains>
	<disallowedTraits>
		<li><defName>Ant_GenTwoSoldier</defName></li>
		<li><defName>Ant_GenTwoFarmer</defName></li>
		<li><defName>Ant_GenTwoDigger</defName></li>
		<li><defName>Ant_GenTwoEmpath</defName></li>
		<li><defName>Ant_GenTwoTunnelGuardian</defName></li>
		<li><defName>Ant_GenTwoArtisan</defName></li>
		<li><defName>Ant_GenTwoArchitect</defName></li>
		<li><defName>Ant_GenTwoMountaineer</defName></li>
		<li><defName>Ant_GenTwoWarden</defName></li>
		<li><defName>Ant_GenTwoMadScientist</defName></li>
		<li><defName>Ant_GenTwoPatrol</defName></li>
		<li><defName>Ant_GenTwoNurturing</defName></li>
		<li><defName>Ant_HiveQueenTrait</defName></li>
	</disallowedTraits>
</AlienRace.BackstoryDef>

<AlienRace.BackstoryDef>
    <defName>Ant_Listener</defName>
    <title>Listener</title>
    <titleShort>Listener</titleShort>
    <baseDescription>[PAWN_nameDef] specialized in digging tunnels and listening for information.</baseDescription>
	<bodyTypeGlobal>Thin</bodyTypeGlobal>
	<slot>Adulthood</slot>
	<spawnCategories>
      <li>Ant_AntiniumBackstory</li>
    </spawnCategories>
	<skillGains>
      <li>
        <defName>Social</defName>
        <amount>6</amount>
      </li>
	  <li>
        <defName>Melee</defName>
        <amount>5</amount>
      </li>
	  <li>
        <defName>Mining</defName>
        <amount>7</amount>
      </li>
    </skillGains>
	<workDisables>
		<li>Cooking</li>
		<li>PlantWork</li>
		<li>Crafting</li>
    </workDisables>
	<forcedTraits>
        <li>
            <defName>PsychicSensitivity</defName>
			<degree>2</degree>
            <chance>35</chance>
        </li>
    </forcedTraits>
	<disallowedTraits>
        <li>
            <defName>PsychicSensitivity</defName>
			<degree>-2</degree>
        </li>
		<li><defName>Ant_GenTwoSoldier</defName></li>
		<li><defName>Ant_GenTwoFarmer</defName></li>
		<li><defName>Ant_GenTwoDigger</defName></li>
		<li><defName>Ant_GenTwoEmpath</defName></li>
		<li><defName>Ant_GenTwoTunnelGuardian</defName></li>
		<li><defName>Ant_GenTwoArtisan</defName></li>
		<li><defName>Ant_GenTwoArchitect</defName></li>
		<li><defName>Ant_GenTwoMountaineer</defName></li>
		<li><defName>Ant_GenTwoWarden</defName></li>
		<li><defName>Ant_GenTwoMadScientist</defName></li>
		<li><defName>Ant_GenTwoPatrol</defName></li>
		<li><defName>Ant_GenTwoNurturing</defName></li>
		<li><defName>Ant_HiveQueenTrait</defName></li>
    </disallowedTraits>
</AlienRace.BackstoryDef>

<AlienRace.BackstoryDef>
    <defName>Ant_Custodium</defName>
    <title>Custodium</title>
    <titleShort>Custodium</titleShort>
    <baseDescription>Custodium</baseDescription>
	<bodyTypeGlobal>Hulk</bodyTypeGlobal>
	<slot>Adulthood</slot>
	<spawnCategories>
      <li>Ant_AntiniumBackstory</li>
    </spawnCategories>
	<skillGains>
      <li>
        <defName>Shooting</defName>
        <amount>2</amount>
      </li>
	  <li>
        <defName>Melee</defName>
        <amount>8</amount>
      </li>
    </skillGains>
	<workDisables>
        <li>Artistic</li>
		<li>Social</li> 
		<li>Intellectual</li>
    </workDisables>
	<forcedTraits>
        <li>
            <defName>Tough</defName>
            <chance>30</chance>
        </li>
    </forcedTraits>
	<disallowedTraits>
        <li>
            <defName>Wimp</defName>
        </li>
		<li><defName>Ant_GenTwoSoldier</defName></li>
		<li><defName>Ant_GenTwoFarmer</defName></li>
		<li><defName>Ant_GenTwoDigger</defName></li>
		<li><defName>Ant_GenTwoEmpath</defName></li>
		<li><defName>Ant_GenTwoTunnelGuardian</defName></li>
		<li><defName>Ant_GenTwoArtisan</defName></li>
		<li><defName>Ant_GenTwoArchitect</defName></li>
		<li><defName>Ant_GenTwoMountaineer</defName></li>
		<li><defName>Ant_GenTwoWarden</defName></li>
		<li><defName>Ant_GenTwoMadScientist</defName></li>
		<li><defName>Ant_GenTwoPatrol</defName></li>
		<li><defName>Ant_GenTwoNurturing</defName></li>
		<li><defName>Ant_HiveQueenTrait</defName></li>
    </disallowedTraits>
</AlienRace.BackstoryDef>

<AlienRace.BackstoryDef>
    <defName>Ant_CaveTender</defName>
    <title>Cave Tender</title>
    <titleShort>Tender</titleShort>
    <baseDescription>[PAWN_nameDef] stayed in the cave foraging for edible roots and fungi, and caring for the other Antinium of the hive.</baseDescription>
	<bodyTypeGlobal>Thin</bodyTypeGlobal>
	<slot>Adulthood</slot>
	<spawnCategories>
      <li>Ant_AntiniumBackstory</li>
    </spawnCategories>
	<skillGains>
      <li>
        <defName>Cooking</defName>
        <amount>5</amount>
      </li>
	  <li>
        <defName>Plants</defName>
        <amount>6</amount>
      </li>
	  <li>
        <defName>Medicine</defName>
        <amount>4</amount>
      </li>
	  <li>
        <defName>Mining</defName>
        <amount>2</amount>
      </li>
    </skillGains>
	<workDisables>
        <li>Violent</li>
    </workDisables>
	<forcedTraits>
        <li>
            <defName>Undergrounder</defName>
            <chance>35</chance>
        </li>
    </forcedTraits>
	<disallowedTraits>
		<li><defName>Ant_GenTwoSoldier</defName></li>
		<li><defName>Ant_GenTwoFarmer</defName></li>
		<li><defName>Ant_GenTwoDigger</defName></li>
		<li><defName>Ant_GenTwoEmpath</defName></li>
		<li><defName>Ant_GenTwoTunnelGuardian</defName></li>
		<li><defName>Ant_GenTwoArtisan</defName></li>
		<li><defName>Ant_GenTwoArchitect</defName></li>
		<li><defName>Ant_GenTwoMountaineer</defName></li>
		<li><defName>Ant_GenTwoWarden</defName></li>
		<li><defName>Ant_GenTwoMadScientist</defName></li>
		<li><defName>Ant_GenTwoPatrol</defName></li>
		<li><defName>Ant_GenTwoNurturing</defName></li>
		<li><defName>Ant_HiveQueenTrait</defName></li>
	</disallowedTraits>
</AlienRace.BackstoryDef>

</Defs>